ID,Language_ID,Feature_ID,Value,Concept
422-792,emab1235,http://concepticon.clld.org/parameters/1440,qa.0 tu.11,spit
422-676,emab1235,http://concepticon.clld.org/parameters/1440,qa.0 tu.11 qa.0 ma:u.24,spit
422-477,emab1235,http://concepticon.clld.org/parameters/126,ɔk.11 tɔt.11 ʒɛt.11,perspire
422-13,emab1235,http://concepticon.clld.org/parameters/1318,qai.54,chicken
422-1033,emab1235,http://concepticon.clld.org/parameters/319,lɛm.24,lick
422-841,emab1235,http://concepticon.clld.org/parameters/1643,nɔn.24 piau.11,cousin
422-433,emab1235,http://concepticon.clld.org/parameters/1643,ʒuə.11 piau.11,cousin
422-83,emab1235,http://concepticon.clld.org/parameters/1654,ʔbun.54 lɛŋ.11,lightning
422-995,emab1235,http://concepticon.clld.org/parameters/81,ka:p.31,"span, fathom"
422-1089,emab1235,http://concepticon.clld.org/parameters/388,ʔdɔŋ.31 ʔda:ŋ.31,fishnet
422-157,emab1235,http://concepticon.clld.org/parameters/388,ʔdɔŋ.31 vɛ.24,fishnet
422-425,emab1235,http://concepticon.clld.org/parameters/1332,luk.54 qhɛn.11,neighbor
422-774,emab1235,http://concepticon.clld.org/parameters/1014,nə.24,or
422-457,emab1235,http://concepticon.clld.org/parameters/1810,vai.31 śian.54,danger
422-992,emab1235,http://concepticon.clld.org/parameters/1774,qa.0 tiŋ.24,"avaricious, stingy"
422-812,emab1235,http://concepticon.clld.org/parameters/1506,δa:u.24,measure
422-509,emab1235,http://concepticon.clld.org/parameters/1621,qa.0 ʒai.11,sneeze
422-320,emab1235,http://concepticon.clld.org/parameters/875,śaŋ.31 qha:i.11,"shoemaker, cobbler"
422-78,emab1235,http://concepticon.clld.org/parameters/829,ka:k.11 śi.11,rafter
422-840,emab1235,http://concepticon.clld.org/parameters/670,qa.0 śa:ŋ.54,root
422-511,emab1235,http://concepticon.clld.org/parameters/1514,li.0 miə.11 qai.54,hen
422-322,emab1235,http://concepticon.clld.org/parameters/1430,la:ŋ.11 loŋ.312,star
422-776,emab1235,http://concepticon.clld.org/parameters/1642,la:k.0 qa:n.54 la:k.0 iŋ.24,niece
422-341,emab1235,http://concepticon.clld.org/parameters/1486,tam.24,plant (vb)
422-732,emab1235,http://concepticon.clld.org/parameters/1459,ʒu.31 kɔ.54,if
422-831,emab1235,http://concepticon.clld.org/parameters/781,i.0 vau.24,"fear, fright"
422-986,emab1235,http://concepticon.clld.org/parameters/1323,cuŋ.11,"clock, timepiece"
422-718,emab1235,http://concepticon.clld.org/parameters/479,lu:ŋ.24,grow
422-627,emab1235,http://concepticon.clld.org/parameters/1934,ʔdu.31 tɛ.11,beggar
422-758,emab1235,http://concepticon.clld.org/parameters/1047,va.11 tam.11,pursue
422-565,emab1235,http://concepticon.clld.org/parameters/280,śa:ŋ.24 ljɛŋ.31,ridgepole
422-798,emab1235,http://concepticon.clld.org/parameters/273,mian.312,dough
422-233,emab1235,http://concepticon.clld.org/parameters/879,qa.0 δɔk.11,cough
422-818,emab1235,http://concepticon.clld.org/parameters/1063,la:k.0 qa:n.54 la:k.0 śɛ.54,nephew
422-814,emab1235,http://concepticon.clld.org/parameters/414,tiŋ.11,carry-on-head
422-1,emab1235,http://concepticon.clld.org/parameters/1313,luŋ.11 tɛn.11,moon
422-556,emab1235,http://concepticon.clld.org/parameters/170,miə.11 na.11,father's sister
422-208,emab1235,http://concepticon.clld.org/parameters/1848,ci:n.312 la:n.312,"strife, quarrel"
422-398,emab1235,http://concepticon.clld.org/parameters/692,ʒaŋ.31 ma.54,bring
422-786,emab1235,http://concepticon.clld.org/parameters/1733,mjə.31 δj.33,rainbow
422-56,emab1235,http://concepticon.clld.org/parameters/162,ca.0 ak.54,hiccough
422-764,emab1235,http://concepticon.clld.org/parameters/171,tu.24,mother's sister
422-625,emab1235,http://concepticon.clld.org/parameters/171,miə.11 a.24,mother's sister
422-476,emab1235,http://concepticon.clld.org/parameters/1160,qa.0 ńiə.312,thief
422-463,emab1235,http://concepticon.clld.org/parameters/1074,ʔdɔŋ.54 ʔbit.54,fishhook
422-871,emab1235,http://concepticon.clld.org/parameters/1358,ti.31 ʒən.31,enemy
422-453,emab1235,http://concepticon.clld.org/parameters/724,qa.0 ta:m.11,read
422-525,emab1235,http://concepticon.clld.org/parameters/1157,ʒin.33 vai.11,because
422-211,emab1235,http://concepticon.clld.org/parameters/3,ta.11 ta:n.54,brave
422-13,emab1235,http://concepticon.clld.org/parameters/1819,qai.54,"look, look at"
422-574,emab1235,http://concepticon.clld.org/parameters/1674,hɛ.24,poor
422-805,emab1235,http://concepticon.clld.org/parameters/1187,qha:n.54,goose
422-834,emab1235,http://concepticon.clld.org/parameters/1085,tam.11 təi.24,follow
422-148,emab1235,http://concepticon.clld.org/parameters/342,pa:ŋ.312,hay
422-1048,emab1235,http://concepticon.clld.org/parameters/1851,hɛ.0 tai.312,pocket
422-721,emab1235,http://concepticon.clld.org/parameters/1028,ta.0 ha:u.54,"yawn, gape"
422-353,emab1235,http://concepticon.clld.org/parameters/1511,qai.54 lɛn.312,"cock, rooster"
422-510,emab1235,http://concepticon.clld.org/parameters/1272,miə.11 a:u.24,aunt
422-366,emab1235,http://concepticon.clld.org/parameters/1272,miə.11 muə.11,aunt
422-23,emab1235,http://concepticon.clld.org/parameters/1272,miə.11 va.11,aunt
422-1058,emab1235,http://concepticon.clld.org/parameters/1343,ta.54 van.54,sun
422-631,emab1235,http://concepticon.clld.org/parameters/1985,pa.24,father's brother
422-631,emab1235,http://concepticon.clld.org/parameters/1984,pa.24,mother's brother
422-783,emab1235,http://concepticon.clld.org/parameters/713,lu:m.11,steal
422-159,emab1235,http://concepticon.clld.org/parameters/1325,uə.33 ci.54,"friend, companion"
422-815,emab1235,http://concepticon.clld.org/parameters/1672,ma:i.11,write
422-1047,emab1235,http://concepticon.clld.org/parameters/1577,taŋ.11,and
422-1062,emab1235,http://concepticon.clld.org/parameters/1779,ka:m.24,dare
422-629,emab1235,http://concepticon.clld.org/parameters/1409,qai.54 han.24,see
422-212,emab1235,http://concepticon.clld.org/parameters/1353,cuŋ.33 thau.31,hour
422-406,emab1235,http://concepticon.clld.org/parameters/712,pan.0 ma.0 ćɛn.11,rich
422-765,emab1235,http://concepticon.clld.org/parameters/956,ʔbat.31,flee
422-760,emab1235,http://concepticon.clld.org/parameters/606,qa.0 ńa.11,grass
422-583,emab1235,http://concepticon.clld.org/parameters/769,mɛu.54 luk.54,roof
422-578,emab1235,http://concepticon.clld.org/parameters/1381,qha:i.11,shoe
422-798,emab1235,http://concepticon.clld.org/parameters/1368,mian.312,bread
422-464,emab1235,http://concepticon.clld.org/parameters/1407,cat.11 ŋu:i.312,"breathe, breath"
422-94,emab1235,http://concepticon.clld.org/parameters/735,mak.11 kuə.24,owl
422-426,emab1235,http://concepticon.clld.org/parameters/490,pɔŋ.312 lən.312,descendants
422-942,emab1235,http://concepticon.clld.org/parameters/1327,pa.11 a:u.24,uncle
422-823,emab1235,http://concepticon.clld.org/parameters/1327,pa.11 ce.54,uncle
422-364,emab1235,http://concepticon.clld.org/parameters/1327,pa.11 a.24,uncle
422-318,emab1235,http://concepticon.clld.org/parameters/1732,ʔbun.54,sky
422-567,emab1235,http://concepticon.clld.org/parameters/502,tɛŋ.24,nail
422-704,emab1235,http://concepticon.clld.org/parameters/1836,li.0 ɛp.54,4-493
422-825,emab1235,http://concepticon.clld.org/parameters/1222,ʔdi.11 li:t.11,penis
422-48,emab1235,http://concepticon.clld.org/parameters/1180,van.54 ɛ.24,day-before-yesterday
422-750,emab1235,http://concepticon.clld.org/parameters/1174,van.54 nɛ.11,yesterday
422-716,emab1235,http://concepticon.clld.org/parameters/1752,ɔk.11 va.11,"go away, depart"
422-1055,emab1235,http://concepticon.clld.org/parameters/1481,qa.0 ʔdui.31,hammer
422-555,emab1235,http://concepticon.clld.org/parameters/329,ma:t.11,"stocking, sock"
422-526,emab1235,http://concepticon.clld.org/parameters/2017,kwa.24,"stir, mix"
422-920,emab1235,http://concepticon.clld.org/parameters/797,ma.0 tɛŋ.11,testicle
422-1016,emab1235,http://concepticon.clld.org/parameters/1619,la:k.0 qa:n.54,granddaughter
422-173,emab1235,http://concepticon.clld.org/parameters/1136,ńuk.11 tɔ.54,rabbit
422-139,emab1235,http://concepticon.clld.org/parameters/1179,van.54 ta.11,day-after-tomorrow
422-498,emab1235,http://concepticon.clld.org/parameters/581,ta:u.312 ma.54,come back
422-20,emab1235,http://concepticon.clld.org/parameters/1812,śi.11,"try, attempt"
422-326,emab1235,http://concepticon.clld.org/parameters/1329,van.54 tim.11,tomorrow
422-689,emab1235,http://concepticon.clld.org/parameters/174,meŋ.24,proud
422-948,emab1235,http://concepticon.clld.org/parameters/1595,na:n.31,south
422-806,emab1235,http://concepticon.clld.org/parameters/1446,ma.54,come
422-901,emab1235,http://concepticon.clld.org/parameters/1948,qhɛ.31,saw
422-16,emab1235,http://concepticon.clld.org/parameters/926,qha:ŋ.54 pa:i.54,rice
422-1017,emab1235,http://concepticon.clld.org/parameters/205,ʔda:ŋ.24,trough
422-66,emab1235,http://concepticon.clld.org/parameters/809,ʔdɔŋ.31 khwa.54,trousers
422-26,emab1235,http://concepticon.clld.org/parameters/1767,kwa:t.11,scrape
422-1016,emab1235,http://concepticon.clld.org/parameters/1618,la:k.0 qa:n.54,grandson
422-716,emab1235,http://concepticon.clld.org/parameters/1107,ɔk.11 va.11,go out
422-470,emab1235,http://concepticon.clld.org/parameters/2014,qa:i.54 puŋ.31 ʒun.11,go down
422-979,emab1235,http://concepticon.clld.org/parameters/705,qa:i.54 puŋ.31 ka:n.312,go up
422-189,emab1235,http://concepticon.clld.org/parameters/1102,ma.0 na.312 ma.0 lu.312,climb
422-378,emab1235,http://concepticon.clld.org/parameters/907,ŋɔk.11 iŋ.24,old woman
422-988,emab1235,http://concepticon.clld.org/parameters/413,pɛk.11,carry-on-shoulder
422-482,emab1235,http://concepticon.clld.org/parameters/634,uə.24,meat
422-1009,emab1235,http://concepticon.clld.org/parameters/2007,ʔbun.54 lɛŋ.312,lightning (as striking)
422-162,emab1235,http://concepticon.clld.org/parameters/1003,puə.24,"let, permit"
422-844,emab1235,http://concepticon.clld.org/parameters/584,na:n.312,difficult
422-596,emab1235,http://concepticon.clld.org/parameters/1283,van.54 ni.11,today
422-335,emab1235,http://concepticon.clld.org/parameters/695,va.11,go
422-856,emab1235,http://concepticon.clld.org/parameters/1598,pə.31,north
422-21,emab1235,http://concepticon.clld.org/parameters/506,mu:ŋ.11,"maize, corn"
422-908,emab1235,http://concepticon.clld.org/parameters/86,δaŋ.24,"sieve, strain"
422-983,emab1235,http://concepticon.clld.org/parameters/86,to.11,"sieve, strain"
422-117,emab1235,http://concepticon.clld.org/parameters/890,li.0 lɔ.11,mule
422-378,emab1235,http://concepticon.clld.org/parameters/1496,ŋɔk.11 iŋ.24,grandmother
422-188,emab1235,http://concepticon.clld.org/parameters/1137,muə.312 ɛk.11,4-465
422-146,emab1235,http://concepticon.clld.org/parameters/1669,ŋɔk.11 lɔk.11 tɔ.11,ancestors
422-572,emab1235,http://concepticon.clld.org/parameters/1669,ŋɔk.11 tu.11 ta:ŋ.54,ancestors
422-316,emab1235,http://concepticon.clld.org/parameters/834,pat.54 ńaŋ.54,buttocks
422-628,emab1235,http://concepticon.clld.org/parameters/1681,qa.0 vaŋ.11,waist
422-807,emab1235,http://concepticon.clld.org/parameters/1991,qa.0 śi.24,"intestines, guts"
422-281,emab1235,http://concepticon.clld.org/parameters/46,ʔba:k.11,hollow out
422-727,emab1235,http://concepticon.clld.org/parameters/406,ŋɔk.11 śɛ.54,old man
422-909,emab1235,http://concepticon.clld.org/parameters/1950,qa.0 tui.54 qɛŋ.54,beech
422-1056,emab1235,http://concepticon.clld.org/parameters/1889,tut.54 pui.54,arson
422-640,emab1235,http://concepticon.clld.org/parameters/1696,thau.31 śa:ŋ.31,surrender
422-447,emab1235,http://concepticon.clld.org/parameters/877,śaŋ.11 pja.312,mason
422-110,emab1235,http://concepticon.clld.org/parameters/307,li.0 qa.0 la:ŋ.11,hawk
422-787,emab1235,http://concepticon.clld.org/parameters/686,ʔdu.31 ŋa:i.312,easy
422-1097,emab1235,http://concepticon.clld.org/parameters/1314,ʔdap.54,"quiet, silence"
422-694,emab1235,http://concepticon.clld.org/parameters/1629,naŋ.11 vɛ.54,evening
422-514,emab1235,http://concepticon.clld.org/parameters/1817,śi.33,west
422-63,emab1235,http://concepticon.clld.org/parameters/1519,ta.0 kɛn.11,run
422-164,emab1235,http://concepticon.clld.org/parameters/1501,ʔbɔŋ.11,bore
422-236,emab1235,http://concepticon.clld.org/parameters/1273,la:p.11 śuk.54,candle
422-858,emab1235,http://concepticon.clld.org/parameters/1600,luŋ.24,skirt
422-1000,emab1235,http://concepticon.clld.org/parameters/275,pjat.11,peel
422-497,emab1235,http://concepticon.clld.org/parameters/819,qa.0 ta.312,stomach
422-519,emab1235,http://concepticon.clld.org/parameters/1862,ma.0 ŋa.11 li.11,"ass, donkey"
422-727,emab1235,http://concepticon.clld.org/parameters/1383,ŋɔk.11 śɛ.54,grandfather
422-44,emab1235,http://concepticon.clld.org/parameters/1005,la:k.0 pa:k.11,twins
422-1005,emab1235,http://concepticon.clld.org/parameters/412,thiu.24,carry-in-hand
422-12,emab1235,http://concepticon.clld.org/parameters/1585,u.11,sleep
422-1093,emab1235,http://concepticon.clld.org/parameters/1585,qu.11,sleep
422-116,emab1235,http://concepticon.clld.org/parameters/268,ɔŋ.24 ŋɔŋ.312 ta.0 lui.312,dribble
422-315,emab1235,http://concepticon.clld.org/parameters/1640,tiə.54 un.24 tiə.54 ʒuə.11,sibling
422-191,emab1235,http://concepticon.clld.org/parameters/1150,pja.312,thunder
422-168,emab1235,http://concepticon.clld.org/parameters/1761,un.24,younger sister
422-557,emab1235,http://concepticon.clld.org/parameters/1758,ɛ.24,older sister
422-707,emab1235,http://concepticon.clld.org/parameters/1744,ma:m.11,spleen
422-561,emab1235,http://concepticon.clld.org/parameters/489,ma:k.0 qha.24,kidney
422-864,emab1235,http://concepticon.clld.org/parameters/1807,ka:n.54 na.54 ʒa:n.31,afternoon
422-1035,emab1235,http://concepticon.clld.org/parameters/1175,la.0 ma:ŋ.312,"ghost, phantom"
422-396,emab1235,http://concepticon.clld.org/parameters/421,ta:u.312,retreat
422-927,emab1235,http://concepticon.clld.org/parameters/1128,min.11 lin.11,"command, order"
422-312,emab1235,http://concepticon.clld.org/parameters/101,qhan.54,boast
422-839,emab1235,http://concepticon.clld.org/parameters/1776,fa:n.24 na.24,shame (noun)
422-379,emab1235,http://concepticon.clld.org/parameters/377,qa.0 δɛŋ.31,loud
422-358,emab1235,http://concepticon.clld.org/parameters/12,naŋ.11 na.54,"noon, midday"
422-125,emab1235,http://concepticon.clld.org/parameters/1983,u.11 qhan.54,snore
422-708,emab1235,http://concepticon.clld.org/parameters/937,li.0 ma.0 nuk.11,bird
422-591,emab1235,http://concepticon.clld.org/parameters/1877,tuŋ.33,east
422-65,emab1235,http://concepticon.clld.org/parameters/1443,la.0 vi.312,walk
422-652,emab1235,http://concepticon.clld.org/parameters/1006,pja.312 cik.54,brick
422-1047,emab1235,http://concepticon.clld.org/parameters/2131,taŋ.11,"lamp, torch"
422-1037,emab1235,http://concepticon.clld.org/parameters/2012,cɔk.11 ʒɔ.31 δiə.11,collar
422-445,emab1235,http://concepticon.clld.org/parameters/1833,ka:n.54 vɛ.54,supper
422-114,emab1235,http://concepticon.clld.org/parameters/1224,qa.0 tap.54,liver
422-586,emab1235,http://concepticon.clld.org/parameters/2009,li.0 qoi.24,dog
422-449,emab1235,http://concepticon.clld.org/parameters/1897,paŋ.24,"help, aid"
422-186,emab1235,http://concepticon.clld.org/parameters/1647,la:k.0 ma.0 ŋa.11 puə.11,"foal, colt"
422-808,emab1235,http://concepticon.clld.org/parameters/1647,la:k.0 ma.0 ŋa.11 miə.11,"foal, colt"
422-145,emab1235,http://concepticon.clld.org/parameters/1263,tiə.37 un.24,sister
422-883,emab1235,http://concepticon.clld.org/parameters/6,ʔbun.54 ca:k.31,earthquake
422-127,emab1235,http://concepticon.clld.org/parameters/1760,ʒuə.11,younger brother
422-247,emab1235,http://concepticon.clld.org/parameters/1759,nɔn.24,older brother
422-1103,emab1235,http://concepticon.clld.org/parameters/1759,kɔ.11,older brother
422-219,emab1235,http://concepticon.clld.org/parameters/1759,tiə.54,older brother
422-321,emab1235,http://concepticon.clld.org/parameters/1902,an.31 fa:n.54 ʔdiŋ.24,betray
422-589,emab1235,http://concepticon.clld.org/parameters/688,put.54,lung
422-728,emab1235,http://concepticon.clld.org/parameters/2138,ϑi:n.24,"fairy, elf"
422-722,emab1235,http://concepticon.clld.org/parameters/1330,ghɛ.54,defend
422-354,emab1235,http://concepticon.clld.org/parameters/1841,hua:i.31 ńi.31,suspect
422-361,emab1235,http://concepticon.clld.org/parameters/40,ʒak.33 qhan.31,"envy, jealousy"
422-468,emab1235,http://concepticon.clld.org/parameters/1811,qa.0 ʔdaŋ.31,"sound, noise"
422-358,emab1235,http://concepticon.clld.org/parameters/1339,naŋ.11 na.54,morning
422-537,emab1235,http://concepticon.clld.org/parameters/417,tu.54 kɔŋ.11,three times
422-261,emab1235,http://concepticon.clld.org/parameters/711,va:ŋ.312,tall
422-169,emab1235,http://concepticon.clld.org/parameters/1867,ma.0 śɛŋ.11,coin
422-131,emab1235,http://concepticon.clld.org/parameters/1879,qa.0 tɛu.11 u.54,dance
422-848,emab1235,http://concepticon.clld.org/parameters/1840,ʔdu.31,build
422-196,emab1235,http://concepticon.clld.org/parameters/1775,śɔŋ.11,table
422-362,emab1235,http://concepticon.clld.org/parameters/1622,ʒiə.11 ta.0 vɛ.11,shirt
422-675,emab1235,http://concepticon.clld.org/parameters/1223,ϑam.24 tau.11,heart
422-822,emab1235,http://concepticon.clld.org/parameters/1793,ʔbuŋ.11 bi:t.11,bat
422-649,emab1235,http://concepticon.clld.org/parameters/2255,ta.24,father-in-law (of a man)
422-727,emab1235,http://concepticon.clld.org/parameters/2255,ŋɔk.11 śɛ.54,father-in-law (of a man)
422-641,emab1235,http://concepticon.clld.org/parameters/938,ma.0 ŋa.11 miə.11,mare
422-657,emab1235,http://concepticon.clld.org/parameters/1262,tiə.54 juə.11,brother
422-410,emab1235,http://concepticon.clld.org/parameters/2125,luə.11 pja.312,"stone, rock"
422-1087,emab1235,http://concepticon.clld.org/parameters/1135,tɔt.31,kick
422-688,emab1235,http://concepticon.clld.org/parameters/722,kuŋ.11,attack
422-259,emab1235,http://concepticon.clld.org/parameters/1308,hua:i 31 ńi.31,doubt
422-1071,emab1235,http://concepticon.clld.org/parameters/729,ma.0 lɔŋ.31 lwa.312,dawn
422-275,emab1235,http://concepticon.clld.org/parameters/1942,thuə.24,near (adv)
422-891,emab1235,http://concepticon.clld.org/parameters/1942,ma.0 δi.24,near (adv)
422-121,emab1235,http://concepticon.clld.org/parameters/1559,ma.0 śɛn.11,money
422-982,emab1235,http://concepticon.clld.org/parameters/1829,qa.0 tɛu.11,"jump, leap"
422-727,emab1235,http://concepticon.clld.org/parameters/2254,ŋɔk.11 śɛ.54,father-in-law (of a woman)
422-332,emab1235,http://concepticon.clld.org/parameters/1042,śaŋ.31 tui.54,carpenter
422-375,emab1235,http://concepticon.clld.org/parameters/1077,mian.31,wheat
422-906,emab1235,http://concepticon.clld.org/parameters/1476,taŋ.54,chair
422-1041,emab1235,http://concepticon.clld.org/parameters/603,ʔdɔŋ.31 ʒiə.11,coat
422-1050,emab1235,http://concepticon.clld.org/parameters/768,ka:n.54 van.54,lunch
422-252,emab1235,http://concepticon.clld.org/parameters/1838,ma:k.0 ʔduə.31,navel
422-283,emab1235,http://concepticon.clld.org/parameters/1801,pan.11 laʔk.11,offspring (son or daughter)
422-426,emab1235,http://concepticon.clld.org/parameters/1801,pɔŋ.312 lən.312,offspring (son or daughter)
422-462,emab1235,http://concepticon.clld.org/parameters/1803,hɛ.0 qa.0 ʔdu.11,wood
422-474,emab1235,http://concepticon.clld.org/parameters/806,pu:ŋ.11 śɛn.24,blanket
422-487,emab1235,http://concepticon.clld.org/parameters/1044,mɔn.24,pillow
422-850,emab1235,http://concepticon.clld.org/parameters/392,ʔdu.11(31) ma:ŋ.312,"magic, witchcraft, sorcery"
422-814,emab1235,http://concepticon.clld.org/parameters/757,tiŋ.11,button
422-646,emab1235,http://concepticon.clld.org/parameters/845,ma.0 tɛ.54,murder
422-109,emab1235,http://concepticon.clld.org/parameters/782,tu.11 la:i.11,defeat
422-221,emab1235,http://concepticon.clld.org/parameters/812,an.31 koŋ.34,slave
422-1096,emab1235,http://concepticon.clld.org/parameters/180,ŋɔn.11 ʔdu.31,call (=name)
422-977,emab1235,http://concepticon.clld.org/parameters/860,śu:n.31 jin.33,cause
422-857,emab1235,http://concepticon.clld.org/parameters/82,ńɛ.11 ma.0 lɔŋ.11,anger
422-95,emab1235,http://concepticon.clld.org/parameters/1608,in.31,listen
422-694,emab1235,http://concepticon.clld.org/parameters/1233,naŋ.11 vɛ.54,night
422-610,emab1235,http://concepticon.clld.org/parameters/1859,ta:i.33 tu:54,third
422-174,emab1235,http://concepticon.clld.org/parameters/244,qa.0 lɛu.11,left (side)
422-380,emab1235,http://concepticon.clld.org/parameters/1324,qa.0 tan.24,"slide, slip"
422-763,emab1235,http://concepticon.clld.org/parameters/605,pa:i.54,"grain (barley, oats etc)"
422-566,emab1235,http://concepticon.clld.org/parameters/1663,ta.0 u.11,bed
422-858,emab1235,http://concepticon.clld.org/parameters/474,luŋ.24,woman's dress
422-1032,emab1235,http://concepticon.clld.org/parameters/1322,ka:n.54 na.54,breakfast
422-2,emab1235,http://concepticon.clld.org/parameters/936,ma.0 ŋa.11 puə.11,stallion
422-683,emab1235,http://concepticon.clld.org/parameters/1357,laɔk.0 iŋ.24,daughter
422-980,emab1235,http://concepticon.clld.org/parameters/906,qa.0 tui.54,tree (cf 08.600)
422-700,emab1235,http://concepticon.clld.org/parameters/296,ʒiŋ.11 ʒɛ.31,crouch
422-789,emab1235,http://concepticon.clld.org/parameters/66,kwi.312,kneel
422-660,emab1235,http://concepticon.clld.org/parameters/796,ŋɔŋ.312 ɛm.11,"nipple, teat"
422-1095,emab1235,http://concepticon.clld.org/parameters/783,hiŋ.11,victory
422-287,emab1235,http://concepticon.clld.org/parameters/250,mɔ.11,light (in color)
422-290,emab1235,http://concepticon.clld.org/parameters/383,qa.0 ʔdiə.11 luk.54,master
422-1099,emab1235,http://concepticon.clld.org/parameters/1084,ŋɔn.11,call (=summon)
422-323,emab1235,http://concepticon.clld.org/parameters/1162,mu.31 ti.31,"intention, purpose"
422-1045,emab1235,http://concepticon.clld.org/parameters/1607,ŋau.312,hate
422-417,emab1235,http://concepticon.clld.org/parameters/1408,ʒak.54,hear
422-97,emab1235,http://concepticon.clld.org/parameters/1260,naŋ.11 van.54,day
422-216,emab1235,http://concepticon.clld.org/parameters/1019,qa.0 mi.11,right (side)
422-62,emab1235,http://concepticon.clld.org/parameters/96,pa:n.312,"creep, crawl"
422-92,emab1235,http://concepticon.clld.org/parameters/867,ma:t.11 ŋɛk.11,glove
422-337,emab1235,http://concepticon.clld.org/parameters/1526,śɛt.54,meal (a)
422-338,emab1235,http://concepticon.clld.org/parameters/326,puŋ.11 pja.11,cloak
422-138,emab1235,http://concepticon.clld.org/parameters/1402,ɛm.11,breast (of woman)
422-956,emab1235,http://concepticon.clld.org/parameters/615,ma.0 ŋa.11,horse (equine)
422-237,emab1235,http://concepticon.clld.org/parameters/1620,laɔk.0 śɛ.54,son
422-595,emab1235,http://concepticon.clld.org/parameters/420,hɛ.0 qaŋ.24,"woods, forest"
422-592,emab1235,http://concepticon.clld.org/parameters/1201,mui.11,feather
422-190,emab1235,http://concepticon.clld.org/parameters/1592,qa.0 tak.54,chest
422-529,emab1235,http://concepticon.clld.org/parameters/1257,ta.0 vɛŋ.312,wing
422-615,emab1235,http://concepticon.clld.org/parameters/1281,luk.54 chaŋ.24,"prison, jail"
422-528,emab1235,http://concepticon.clld.org/parameters/272,cim.11,tongs
422-518,emab1235,http://concepticon.clld.org/parameters/716,ta.0 δɛŋ.312,groan
422-478,emab1235,http://concepticon.clld.org/parameters/1435,nak.11 thau.54,hunt
422-813,emab1235,http://concepticon.clld.org/parameters/157,ńɔm.11,dye
422-897,emab1235,http://concepticon.clld.org/parameters/218,fa.31 khu:n.54,fine
422-516,emab1235,http://concepticon.clld.org/parameters/1626,ka:i.54 śi.31,explain
422-626,emab1235,http://concepticon.clld.org/parameters/1651,əŋ.24 ma.0 ʒa.11,tear (noun)
422-667,emab1235,http://concepticon.clld.org/parameters/1906,ʔda:t.11,"acid, sour"
422-1106,emab1235,http://concepticon.clld.org/parameters/791,ma.312 ma:n.312,stranger
422-777,emab1235,http://concepticon.clld.org/parameters/1546,śa.54 kɔŋ.11,two times
422-1070,emab1235,http://concepticon.clld.org/parameters/175,hip.54,blow
422-1044,emab1235,http://concepticon.clld.org/parameters/245,qa.0 śit.54,broom
422-973,emab1235,http://concepticon.clld.org/parameters/1161,qa.0 śiə.54,thread
422-1027,emab1235,http://concepticon.clld.org/parameters/1352,pja.11,knife (2)
422-1021,emab1235,http://concepticon.clld.org/parameters/1352,ma:k.0 pja.11,knife (2)
422-752,emab1235,http://concepticon.clld.org/parameters/1389,qa.0 lip.11 ʒuŋ.31,toe
422-5,emab1235,http://concepticon.clld.org/parameters/630,qa:ŋ.54,light (noun)
422-167,emab1235,http://concepticon.clld.org/parameters/318,lɛk.11 ʒuŋ.31,footprint
422-961,emab1235,http://concepticon.clld.org/parameters/803,ta.24 pau.24,ankle
422-200,emab1235,http://concepticon.clld.org/parameters/980,ta.0 li:u.11,heel
422-843,emab1235,http://concepticon.clld.org/parameters/390,fa.31,"penalty, punishment"
422-85,emab1235,http://concepticon.clld.org/parameters/509,khən.54 tin.11,"sure, certain"
422-604,emab1235,http://concepticon.clld.org/parameters/1441,ta.0 ʔbin.54,fly (vb)
422-262,emab1235,http://concepticon.clld.org/parameters/1093,ta.0 lɔŋ.11,"middle, center"
422-1093,emab1235,http://concepticon.clld.org/parameters/1888,qu.11,pair
422-7,emab1235,http://concepticon.clld.org/parameters/887,qam.54,bitter
422-1030,emab1235,http://concepticon.clld.org/parameters/1839,ńi:t.11,"cry, weep"
422-26,emab1235,http://concepticon.clld.org/parameters/230,kwa:t.11,sweep
422-443,emab1235,http://concepticon.clld.org/parameters/1464,qhɔŋ.54,ladder
422-448,emab1235,http://concepticon.clld.org/parameters/278,ŋui.11,awl
422-231,emab1235,http://concepticon.clld.org/parameters/1378,thi:k.11,spoon
422-181,emab1235,http://concepticon.clld.org/parameters/1301,ʒuŋ.31,foot
422-1090,emab1235,http://concepticon.clld.org/parameters/1853,ma.0 nuk.11 ta.0 qu.54,dove
422-632,emab1235,http://concepticon.clld.org/parameters/1268,cɛ.24,"yes, affirmative"
422-244,emab1235,http://concepticon.clld.org/parameters/2144,ɔŋ.24 ʔbuə.11,"spring, well"
422-213,emab1235,http://concepticon.clld.org/parameters/2144,ɔŋ.24 tjŋ.312,"spring, well"
422-873,emab1235,http://concepticon.clld.org/parameters/1982,ɔŋ.24 pan.54 vɛn.11,whirlpool
422-581,emab1235,http://concepticon.clld.org/parameters/1550,ta:ŋ.24,"hinder, prevent"
422-1074,emab1235,http://concepticon.clld.org/parameters/224,qa.0 du.31 kɔn.54,mortar (2)
422-197,emab1235,http://concepticon.clld.org/parameters/1920,pan.54 naŋ.11 ka:n.54,dream
422-662,emab1235,http://concepticon.clld.org/parameters/1403,qa.0 δam.11,bite
422-1080,emab1235,http://concepticon.clld.org/parameters/1675,pa.312,promise
422-542,emab1235,http://concepticon.clld.org/parameters/1121,a.0 ʒuŋ.54 a.0 ʒu:ŋ.54,secret
422-293,emab1235,http://concepticon.clld.org/parameters/1091,gha:m.11,salty
422-594,emab1235,http://concepticon.clld.org/parameters/1384,ta:i.33 śa.54,second
422-260,emab1235,http://concepticon.clld.org/parameters/682,qhɛn.11,side
422-888,emab1235,http://concepticon.clld.org/parameters/1453,pai.11,wash
422-812,emab1235,http://concepticon.clld.org/parameters/1453,δa:u.24,wash
422-503,emab1235,http://concepticon.clld.org/parameters/1453,qhup.54,wash
422-103,emab1235,http://concepticon.clld.org/parameters/1382,ŋa:t.11,needle
422-47,emab1235,http://concepticon.clld.org/parameters/271,tɛŋ.54,saucer
422-821,emab1235,http://concepticon.clld.org/parameters/1371,qa.0 δu.11 qhu.11,knee
422-670,emab1235,http://concepticon.clld.org/parameters/666,ɔŋ.24 ta.312,"river, stream, brook"
422-336,emab1235,http://concepticon.clld.org/parameters/666,ɔŋ.24 δɔŋ.312,"river, stream, brook"
422-260,emab1235,http://concepticon.clld.org/parameters/863,qhɛn.11,edge
422-421,emab1235,http://concepticon.clld.org/parameters/372,qhɛn.54,pointed
422-14,emab1235,http://concepticon.clld.org/parameters/365,pɔk.11,splash
422-1001,emab1235,http://concepticon.clld.org/parameters/498,ma.0 śɛn.54,calf of leg
422-695,emab1235,http://concepticon.clld.org/parameters/119,ɔŋ.24 qa.0 ti:n.11,dive
422-214,emab1235,http://concepticon.clld.org/parameters/119,qa.0 ʔdam.24,dive
422-171,emab1235,http://concepticon.clld.org/parameters/800,mak.11 qa.54 nen.312,thigh
422-394,emab1235,http://concepticon.clld.org/parameters/1828,śiŋ.11,"ask, request"
422-1049,emab1235,http://concepticon.clld.org/parameters/1747,tu.11 kuen.54,custom
422-418,emab1235,http://concepticon.clld.org/parameters/539,qa.0 taŋ.24 qai.54,nest
422-72,emab1235,http://concepticon.clld.org/parameters/1141,kɔ.11 ϑi.31,pity
422-951,emab1235,http://concepticon.clld.org/parameters/1764,na:n.31 tin.11,obscure
422-53,emab1235,http://concepticon.clld.org/parameters/717,qa.0 ɛn.24,sweet
422-251,emab1235,http://concepticon.clld.org/parameters/204,la:t.11,again
422-969,emab1235,http://concepticon.clld.org/parameters/204,śa.33,again
422-655,emab1235,http://concepticon.clld.org/parameters/1529,tak.54 lən.24,last
422-427,emab1235,http://concepticon.clld.org/parameters/742,mu:t.11,end
422-885,emab1235,http://concepticon.clld.org/parameters/1439,a:p.11 ɔŋ.24,swim
422-350,emab1235,http://concepticon.clld.org/parameters/223,śan.11,threshing-floor
422-648,emab1235,http://concepticon.clld.org/parameters/1487,ʔdiŋ.11,pour
422-803,emab1235,http://concepticon.clld.org/parameters/1457,ńip.11,sew
422-936,emab1235,http://concepticon.clld.org/parameters/476,ca:n.54,"cup, drinking vessel"
422-171,emab1235,http://concepticon.clld.org/parameters/1297,mak.11 qa.54 nen.312,leg
422-1100,emab1235,http://concepticon.clld.org/parameters/1337,mu.54,pig
422-1051,emab1235,http://concepticon.clld.org/parameters/978,ɔŋ.24 phoŋ.54 han.24,wave
422-408,emab1235,http://concepticon.clld.org/parameters/72,qa.0 lip.11,claw
422-3,emab1235,http://concepticon.clld.org/parameters/1662,qa.0 ʔdja.11 ta.312,"headland, point"
422-348,emab1235,http://concepticon.clld.org/parameters/1414,qa.0 mɛn.312,"squeeze, wring"
422-154,emab1235,http://concepticon.clld.org/parameters/1258,qa.0 lip.11 ŋɛk.11,fingernail
422-946,emab1235,http://concepticon.clld.org/parameters/1913,qa.0 ni:n.11,press
422-653,emab1235,http://concepticon.clld.org/parameters/1781,li.0 miə.11 ŋɛk.11,thumb
422-1024,emab1235,http://concepticon.clld.org/parameters/357,hoi.24,hang up
422-144,emab1235,http://concepticon.clld.org/parameters/1134,pjaʔk.11 la:n.312,divorce
422-182,emab1235,http://concepticon.clld.org/parameters/755,fau.54 ʒən.11,deny
422-402,emab1235,http://concepticon.clld.org/parameters/989,qhɛn.31 chiŋ.31,"clear, plain"
422-61,emab1235,http://concepticon.clld.org/parameters/1875,ʒi:31,"regret, be sorry"
422-1053,emab1235,http://concepticon.clld.org/parameters/1782,hɛk.31,guest
422-479,emab1235,http://concepticon.clld.org/parameters/728,ta:i.33 it.54,first
422-690,emab1235,http://concepticon.clld.org/parameters/690,puŋ.54 ʒun.11,bottom
422-1031,emab1235,http://concepticon.clld.org/parameters/1095,ha:i.54 va.11,"release, let go"
422-887,emab1235,http://concepticon.clld.org/parameters/1574,pu.11,float
422-703,emab1235,http://concepticon.clld.org/parameters/38,ha:i.54,spread out
422-775,emab1235,http://concepticon.clld.org/parameters/1787,hɛ.0 tau.54,loom
422-225,emab1235,http://concepticon.clld.org/parameters/285,kat.11 pa:i.54,thresh
422-669,emab1235,http://concepticon.clld.org/parameters/270,ku:n.54,"pitcher, jug"
422-954,emab1235,http://concepticon.clld.org/parameters/1303,la:k.0 ŋɛk.11,finger
422-899,emab1235,http://concepticon.clld.org/parameters/1351,mu.54 miə.11,sow (2)
422-991,emab1235,http://concepticon.clld.org/parameters/418,ʔdɨə.24,long-time (for a)
422-201,emab1235,http://concepticon.clld.org/parameters/1183,pa.11 ŋɛk.11,palm of hand
422-317,emab1235,http://concepticon.clld.org/parameters/2022,chən.31 ʒən.11,"admit, confess"
422-52,emab1235,http://concepticon.clld.org/parameters/1000,kan.54 hi.54,"anxiety, worry"
422-801,emab1235,http://concepticon.clld.org/parameters/1580,tɔk.11,"alone, only"
422-962,emab1235,http://concepticon.clld.org/parameters/1544,naŋ.11 ś.11,sometimes
422-945,emab1235,http://concepticon.clld.org/parameters/1039,mi.11 ɔk.11,show
422-289,emab1235,http://concepticon.clld.org/parameters/1660,ʔdu.31 tuk.54,lose
422-964,emab1235,http://concepticon.clld.org/parameters/1753,puŋ.54 lu.54,top
422-876,emab1235,http://concepticon.clld.org/parameters/1088,cam.24,sink
422-473,emab1235,http://concepticon.clld.org/parameters/1455,leŋ.312,pull
422-1012,emab1235,http://concepticon.clld.org/parameters/2132,qhin.31,"sickle, scythe"
422-175,emab1235,http://concepticon.clld.org/parameters/133,tam.54,weave
422-678,emab1235,http://concepticon.clld.org/parameters/1530,phuə.54,bowl
422-1078,emab1235,http://concepticon.clld.org/parameters/1277,ŋɛk.11,hand
422-82,emab1235,http://concepticon.clld.org/parameters/203,can.54 i:u.11,marry
422-861,emab1235,http://concepticon.clld.org/parameters/624,ɔŋ.24 tam.11,lake
422-483,emab1235,http://concepticon.clld.org/parameters/645,ha:i.24,ocean
422-1052,emab1235,http://concepticon.clld.org/parameters/1768,qa.0 phu:p.11,foam
422-609,emab1235,http://concepticon.clld.org/parameters/1508,vu:ŋ.11 tai.54,"king, ruler"
422-51,emab1235,http://concepticon.clld.org/parameters/799,qa.0 ʒɔ.312 ŋɛk.11,wrist
422-1097,emab1235,http://concepticon.clld.org/parameters/1523,ʔdap.54,forget
422-1080,emab1235,http://concepticon.clld.org/parameters/1275,pa.312,answer
422-975,emab1235,http://concepticon.clld.org/parameters/1852,δəp.33 δəp.33,often
422-613,emab1235,http://concepticon.clld.org/parameters/721,ta.11,low
422-141,emab1235,http://concepticon.clld.org/parameters/719,δa.54 han.24,find
422-331,emab1235,http://concepticon.clld.org/parameters/2003,ta.0 lui.312,flow
422-853,emab1235,http://concepticon.clld.org/parameters/214,ʒi:t.31,stretch
422-830,emab1235,http://concepticon.clld.org/parameters/190,qɔn.24,"mow, reap"
422-1029,emab1235,http://concepticon.clld.org/parameters/859,śau.54,stove
422-919,emab1235,http://concepticon.clld.org/parameters/277,kuŋ.11 vin.11,spindle
422-994,emab1235,http://concepticon.clld.org/parameters/480,pa:n.11,plate
422-87,emab1235,http://concepticon.clld.org/parameters/981,tap.11 śu:k.11,elbow
422-49,emab1235,http://concepticon.clld.org/parameters/1348,mu.54 puə.11,boar
422-36,emab1235,http://concepticon.clld.org/parameters/1199,ma.0 liu.312,wife
422-483,emab1235,http://concepticon.clld.org/parameters/1474,ha:i.24,sea
422-399,emab1235,http://concepticon.clld.org/parameters/1886,mui.11 ʔdiə.11 ma.0 lə.312,armpit
422-645,emab1235,http://concepticon.clld.org/parameters/1454,śa:t.11,9-311
422-238,emab1235,http://concepticon.clld.org/parameters/714,pan.54,seed
422-310,emab1235,http://concepticon.clld.org/parameters/963,śɨ.24,book
422-345,emab1235,http://concepticon.clld.org/parameters/1814,ka:u.54,accuse
422-133,emab1235,http://concepticon.clld.org/parameters/1846,kuen.24,"rule, govern"
422-41,emab1235,http://concepticon.clld.org/parameters/822,qa.0 nɔ.11(24),how many?
422-608,emab1235,http://concepticon.clld.org/parameters/1208,mɛu.312,cat
422-1020,emab1235,http://concepticon.clld.org/parameters/415,ka:p.11,carry-underarm
422-990,emab1235,http://concepticon.clld.org/parameters/1001,śa:ŋ.31 qit.54,"smith, blacksmith"
422-571,emab1235,http://concepticon.clld.org/parameters/648,śa.11,paper
422-177,emab1235,http://concepticon.clld.org/parameters/1309,śi.24,"ask (question, inquire)"
422-465,emab1235,http://concepticon.clld.org/parameters/707,nian.11,remember
422-309,emab1235,http://concepticon.clld.org/parameters/1783,qa.0 δi.11,pain
422-261,emab1235,http://concepticon.clld.org/parameters/1265,va:ŋ.312,high
422-836,emab1235,http://concepticon.clld.org/parameters/1468,δa.54,"seek, look for"
422-748,emab1235,http://concepticon.clld.org/parameters/748,δa:n.312,sow
422-842,emab1235,http://concepticon.clld.org/parameters/1449,nu.54,"rub, wipe"
422-296,emab1235,http://concepticon.clld.org/parameters/121,ʒɔt.11 kha:i.24,spin
422-599,emab1235,http://concepticon.clld.org/parameters/481,phuə.54 tɛŋ.54,dish
422-1019,emab1235,http://concepticon.clld.org/parameters/1673,phɔŋ.312 ma.0 nɛŋ.11,arm
422-404,emab1235,http://concepticon.clld.org/parameters/858,ju:t.11 pja.312,storm
422-718,emab1235,http://concepticon.clld.org/parameters/1202,lu:ŋ.24,"large, big"
422-104,emab1235,http://concepticon.clld.org/parameters/948,ɔŋ.24,water
422-130,emab1235,http://concepticon.clld.org/parameters/1200,qhɨ:i.11,husband
422-424,emab1235,http://concepticon.clld.org/parameters/1994,qa.0 ʔda:k.31 kwaŋ.11 ceŋ.312,collarbone
422-680,emab1235,http://concepticon.clld.org/parameters/172,qa.0 ʔda:k.31 pan.11 śiə.11,shoulderblade
422-403,emab1235,http://concepticon.clld.org/parameters/1482,qa.0 ʔba.11,shoulder
422-952,emab1235,http://concepticon.clld.org/parameters/928,qhɔt.11,embrace
422-859,emab1235,http://concepticon.clld.org/parameters/578,ńam.11,kiss
422-14,emab1235,http://concepticon.clld.org/parameters/291,pɔk.11,"flay, skin"
422-176,emab1235,http://concepticon.clld.org/parameters/1346,kuŋ.11 cɔŋ.312,throat
422-532,emab1235,http://concepticon.clld.org/parameters/629,qa.0 ʔbuŋ.31,leather
422-294,emab1235,http://concepticon.clld.org/parameters/1347,ʔdɔŋ.54 qhan.54,nape of neck
422-124,emab1235,http://concepticon.clld.org/parameters/1566,pha:u.54,"gun, cannon"
422-430,emab1235,http://concepticon.clld.org/parameters/1405,miŋ.11,name
422-889,emab1235,http://concepticon.clld.org/parameters/673,śɔ.31 śa:u.11,school
422-423,emab1235,http://concepticon.clld.org/parameters/1928,taŋ.33,"cease, stop"
422-367,emab1235,http://concepticon.clld.org/parameters/1735,ʔbɛk.11,tear
422-254,emab1235,http://concepticon.clld.org/parameters/31,a:n.33 ka:u.54,pan
422-119,emab1235,http://concepticon.clld.org/parameters/1333,qa.0 ʒɔ.312,neck
422-391,emab1235,http://concepticon.clld.org/parameters/1345,li.0 miə.0 ʔbɛp.11,ewe
422-304,emab1235,http://concepticon.clld.org/parameters/1289,ma.0 u:n.31 ɛŋ.24,"infant, baby"
422-719,emab1235,http://concepticon.clld.org/parameters/1155,puŋ.54 po.11,cave
422-324,emab1235,http://concepticon.clld.org/parameters/1155,hɛ.0 tham.24,cave
422-587,emab1235,http://concepticon.clld.org/parameters/139,ŋɨk.11 qa.0 śɔŋ.54,gums
422-441,emab1235,http://concepticon.clld.org/parameters/1049,qa.0 śɔŋ.54 δa.312,molartooth
422-161,emab1235,http://concepticon.clld.org/parameters/1239,ʔdu.31 nɔ.24,how?
422-89,emab1235,http://concepticon.clld.org/parameters/1269,la:i.11,"no, negative"
422-606,emab1235,http://concepticon.clld.org/parameters/1269,cɛ.24 la:i.31(11),"no, negative"
422-735,emab1235,http://concepticon.clld.org/parameters/1535,pja.11 hi.31,sword
422-1066,emab1235,http://concepticon.clld.org/parameters/1038,la:u.54 ϑɨ.11,teacher
422-538,emab1235,http://concepticon.clld.org/parameters/923,ma:i.24,love
422-55,emab1235,http://concepticon.clld.org/parameters/1766,qoi.11,finish
422-886,emab1235,http://concepticon.clld.org/parameters/1545,puŋ.33 luk.54,host
422-791,emab1235,http://concepticon.clld.org/parameters/602,śiə.54,"hide, conceal"
422-75,emab1235,http://concepticon.clld.org/parameters/602,qa.0 ʔdet.54,"hide, conceal"
422-499,emab1235,http://concepticon.clld.org/parameters/681,ʔdu.31 va:i.312,destroy
422-981,emab1235,http://concepticon.clld.org/parameters/1437,pha:k.11,split
422-663,emab1235,http://concepticon.clld.org/parameters/338,ma:k.0 δa:u.312,rake
422-15,emab1235,http://concepticon.clld.org/parameters/933,śi:ŋ.11,wall
422-123,emab1235,http://concepticon.clld.org/parameters/1645,ti.11,short
422-669,emab1235,http://concepticon.clld.org/parameters/854,ku:n.54,kettle
422-547,emab1235,http://concepticon.clld.org/parameters/1380,qa.0 śɔŋ.54,tooth
422-304,emab1235,http://concepticon.clld.org/parameters/1304,ma.0 u:n.31 ɛŋ.24,child
422-967,emab1235,http://concepticon.clld.org/parameters/113,ŋa:p.11 ta.312,shore
422-207,emab1235,http://concepticon.clld.org/parameters/588,phɔk.11,broken
422-762,emab1235,http://concepticon.clld.org/parameters/77,la:k.0 śɔ.54 luʔŋ24,young woman (adolescent)
422-310,emab1235,http://concepticon.clld.org/parameters/1599,śɨ.24,word
422-1085,emab1235,http://concepticon.clld.org/parameters/753,śɔ.31 ϑɨn.33,pupil
422-218,emab1235,http://concepticon.clld.org/parameters/1413,li:u.31,play
422-661,emab1235,http://concepticon.clld.org/parameters/42,ma.0 ʔdɔŋ.31,"stinking, bad smelling"
422-854,emab1235,http://concepticon.clld.org/parameters/743,qa.0 śut.11,end (temporal)
422-582,emab1235,http://concepticon.clld.org/parameters/761,lum.24,cover
422-817,emab1235,http://concepticon.clld.org/parameters/761,qup.11,cover
422-368,emab1235,http://concepticon.clld.org/parameters/1909,qa.0 śɛn.11,shake
422-513,emab1235,http://concepticon.clld.org/parameters/680,qhɔn.11,break
422-980,emab1235,http://concepticon.clld.org/parameters/906,qa.0 tui.54,tree
422-621,emab1235,http://concepticon.clld.org/parameters/2256,śu.24,mother-in-law (of a man)
422-378,emab1235,http://concepticon.clld.org/parameters/2256,ŋɔk.11 iŋ.24,mother-in-law (of a man)
422-91,emab1235,http://concepticon.clld.org/parameters/708,ci:u.54,shine
422-345,emab1235,http://concepticon.clld.org/parameters/1462,ka:u.54,"pot, cooking vessel"
422-250,emab1235,http://concepticon.clld.org/parameters/1462,hɛ.0 ca:u.54,"pot, cooking vessel"
422-388,emab1235,http://concepticon.clld.org/parameters/1632,lu.33 ɔt.11,floor
422-679,emab1235,http://concepticon.clld.org/parameters/1205,ma.0 lɛn.11,tongue
422-155,emab1235,http://concepticon.clld.org/parameters/1646,la:k.0 qhaʔu.11 ɛɔ.54,girl
422-502,emab1235,http://concepticon.clld.org/parameters/1344,li.0 puə.0 ʔbɛp.11,ram
422-198,emab1235,http://concepticon.clld.org/parameters/702,kam.54,catch (ball)
422-193,emab1235,http://concepticon.clld.org/parameters/702,śu:p.31,catch (ball)
422-892,emab1235,http://concepticon.clld.org/parameters/1451,qa.0 śɔ.54 ńam.11 ńam.11,smile
422-488,emab1235,http://concepticon.clld.org/parameters/76,la:k.0 qhaʔu.11,young man (adolescent)
422-576,emab1235,http://concepticon.clld.org/parameters/977,ci:n.11,arrow
422-769,emab1235,http://concepticon.clld.org/parameters/1296,qa.0 tui.54 qa.0 śuŋ.11,"staff, walking stick"
422-79,emab1235,http://concepticon.clld.org/parameters/1613,ʒian.31 śə.31,color
422-916,emab1235,http://concepticon.clld.org/parameters/709,śwa:n.54,teach
422-643,emab1235,http://concepticon.clld.org/parameters/1355,qa.0 śɔ.54,laugh
422-501,emab1235,http://concepticon.clld.org/parameters/376,hɔm.24,"fragrant, good smelling"
422-68,emab1235,http://concepticon.clld.org/parameters/1806,śa:u.31 ma.54,"begin, beginning"
422-1017,emab1235,http://concepticon.clld.org/parameters/1046,ʔda:ŋ.24,"shut, close"
422-175,emab1235,http://concepticon.clld.org/parameters/1046,tam.54,"shut, close"
422-356,emab1235,http://concepticon.clld.org/parameters/2008,cau.54,"save, rescue"
422-877,emab1235,http://concepticon.clld.org/parameters/1456,ʔdi:u.31,throw
422-101,emab1235,http://concepticon.clld.org/parameters/284,ma:k.0 ʒɔŋn.31,hoe
422-281,emab1235,http://concepticon.clld.org/parameters/284,ʔba:k.11,hoe
422-923,emab1235,http://concepticon.clld.org/parameters/677,ma:k.0 qa:n.54,ax
422-195,emab1235,http://concepticon.clld.org/parameters/1375,chua:ŋ.24 fu:ŋ.24,window
422-753,emab1235,http://concepticon.clld.org/parameters/1641,qhɔŋ.24,silk
422-1018,emab1235,http://concepticon.clld.org/parameters/1143,hɛ.0 śau.54,oven
422-730,emab1235,http://concepticon.clld.org/parameters/478,qa.0 mun.312 ŋɔŋ.312,lip
422-1034,emab1235,http://concepticon.clld.org/parameters/1331,li.0 ʔbɛp.11,sheep
422-43,emab1235,http://concepticon.clld.org/parameters/1366,ma.0 u:n.31 laʔk.0 śɛ.56,boy
422-916,emab1235,http://concepticon.clld.org/parameters/1929,śwa:n.54,study
422-429,emab1235,http://concepticon.clld.org/parameters/1387,ti:n.11,"reach, arrive"
422-863,emab1235,http://concepticon.clld.org/parameters/73,ŋɔŋ.312 ma.0 nuk.11,beak
422-187,emab1235,http://concepticon.clld.org/parameters/994,kuŋ.33,bow
422-1059,emab1235,http://concepticon.clld.org/parameters/301,qa.0 δu.11 ma.0 iŋ.31,"chief, chieftain"
422-957,emab1235,http://concepticon.clld.org/parameters/1307,ma.0 tɛ.312,language
422-916,emab1235,http://concepticon.clld.org/parameters/504,śwa:n.54,learn
422-522,emab1235,http://concepticon.clld.org/parameters/425,ta:n.33 kɔ.31,"retard, delay"
422-98,emab1235,http://concepticon.clld.org/parameters/816,a.0 tɔn.11,half
422-533,emab1235,http://concepticon.clld.org/parameters/1156,ha:i.54 ma.54,open
422-111,emab1235,http://concepticon.clld.org/parameters/1997,li.31 puə.24,"preserve, look after"
422-235,emab1235,http://concepticon.clld.org/parameters/2253,ʒɛt.11,drip
422-605,emab1235,http://concepticon.clld.org/parameters/1901,śɔi.,shovel
422-656,emab1235,http://concepticon.clld.org/parameters/356,ma:k.0 ta:u.24,"scissors, shears"
422-466,emab1235,http://concepticon.clld.org/parameters/1472,śi.11 ϑwa.24,key
422-647,emab1235,http://concepticon.clld.org/parameters/1850,pha:i.24,cotton
422-401,emab1235,http://concepticon.clld.org/parameters/183,kun.11,bake
422-148,emab1235,http://concepticon.clld.org/parameters/183,pa:ŋ.312,bake
422-77,emab1235,http://concepticon.clld.org/parameters/674,qa.0 muə.31 ŋɔŋ.312,mouth
422-824,emab1235,http://concepticon.clld.org/parameters/794,pit.54,pen
422-1022,emab1235,http://concepticon.clld.org/parameters/1989,śiŋ 54 ɛŋ.24,calf
422-711,emab1235,http://concepticon.clld.org/parameters/2260,ma.0 iŋ.24,female
422-971,emab1235,http://concepticon.clld.org/parameters/921,luŋ.312,valley
422-733,emab1235,http://concepticon.clld.org/parameters/1119,pon.24,divide
422-180,emab1235,http://concepticon.clld.org/parameters/208,ɛk.11 tiŋ.24,mucus (nasal)
422-833,emab1235,http://concepticon.clld.org/parameters/1246,ɛŋ.24,"small, little"
422-564,emab1235,http://concepticon.clld.org/parameters/1012,śwa:n.33 ma.0 tɔ.312,"latch, door-bolt"
422-915,emab1235,http://concepticon.clld.org/parameters/1012,śwen.24,"latch, door-bolt"
422-998,emab1235,http://concepticon.clld.org/parameters/1178,muə.312 qa.0 tiŋ.24,nostril
422-156,emab1235,http://concepticon.clld.org/parameters/1469,śən.33 ci.31,week
422-530,emab1235,http://concepticon.clld.org/parameters/387,ta:n.24 kuŋ.33,sling
422-371,emab1235,http://concepticon.clld.org/parameters/1699,śən.33 ci.31 thiɛn.33,Sunday
422-828,emab1235,http://concepticon.clld.org/parameters/48,ŋɔn.31 bat.54,silent (be)
422-725,emab1235,http://concepticon.clld.org/parameters/1899,pa:k.11,"insane, crazy"
422-689,emab1235,http://concepticon.clld.org/parameters/1495,meŋ.24,"joyful, glad, happy"
422-264,emab1235,http://concepticon.clld.org/parameters/1495,paŋ.11,"joyful, glad, happy"
422-467,emab1235,http://concepticon.clld.org/parameters/754,va.11 ha:u.24,"hasten, hurry"
422-1040,emab1235,http://concepticon.clld.org/parameters/779,a.0 pa:ŋ.11,"part, piece"
422-265,emab1235,http://concepticon.clld.org/parameters/1280,tuk.54,fall
422-58,emab1235,http://concepticon.clld.org/parameters/1359,pja:k.11 la:n.312,separate
422-1027,emab1235,http://concepticon.clld.org/parameters/1352,pja.11,knife
422-227,emab1235,http://concepticon.clld.org/parameters/1176,ʒa:ŋ.31 chwa:n.54,spade
422-466,emab1235,http://concepticon.clld.org/parameters/1596,śi.11 ϑwa.24,lock (noun)
422-639,emab1235,http://concepticon.clld.org/parameters/2146,śa:u.24,"roast, fry"
422-992,emab1235,http://concepticon.clld.org/parameters/1221,qa.0 tiŋ.24,nose
422-340,emab1235,http://concepticon.clld.org/parameters/679,ma.0 lɔŋ.312,bright
422-1036,emab1235,http://concepticon.clld.org/parameters/1007,miə.11 śiŋ.54,cow
422-955,emab1235,http://concepticon.clld.org/parameters/2263,lak.8 śɛ54,male
422-757,emab1235,http://concepticon.clld.org/parameters/652,ta.0 phj:ŋ.24,"plain, field"
422-717,emab1235,http://concepticon.clld.org/parameters/652,lu:ŋ.312 phj:ŋ.24,"plain, field"
422-1102,emab1235,http://concepticon.clld.org/parameters/1434,ʔbəŋ.11,stab
422-1079,emab1235,http://concepticon.clld.org/parameters/155,cak.54,"chop, hew"
422-923,emab1235,http://concepticon.clld.org/parameters/386,ma:k.0 qa:n.54,battle-ax
422-835,emab1235,http://concepticon.clld.org/parameters/32,ɛk.11 tz.0 δa.312,earwax
422-282,emab1235,http://concepticon.clld.org/parameters/618,pu:ŋ.11 qa.11,"cliff, precipice"
422-205,emab1235,http://concepticon.clld.org/parameters/11,qa.0 nɛŋ.11,darkness
422-772,emab1235,http://concepticon.clld.org/parameters/1243,kwa:ŋ.24,"wide, broad"
422-624,emab1235,http://concepticon.clld.org/parameters/1711,i.11 ʔbɔŋ.31 ma.0 ɛ.24,tell story
422-1079,emab1235,http://concepticon.clld.org/parameters/355,cak.54,cut down
422-175,emab1235,http://concepticon.clld.org/parameters/355,tam.54,cut down
422-740,emab1235,http://concepticon.clld.org/parameters/1203,δi.24,long
422-199,emab1235,http://concepticon.clld.org/parameters/80,ma.0 śu.54,"doorpost, jamb"
422-329,emab1235,http://concepticon.clld.org/parameters/18,ńin.54,earlobe
422-224,emab1235,http://concepticon.clld.org/parameters/1778,an.31 thuə.24,approach
422-8,emab1235,http://concepticon.clld.org/parameters/1763,qa.0 tui.54 tɔn.312,club
422-151,emab1235,http://concepticon.clld.org/parameters/1458,i.11,say
422-113,emab1235,http://concepticon.clld.org/parameters/1518,pan.11,"foolish, stupid"
422-120,emab1235,http://concepticon.clld.org/parameters/701,lum.54,slow
422-501,emab1235,http://concepticon.clld.org/parameters/1586,hɔm.24,smell (vb trans)
422-325,emab1235,http://concepticon.clld.org/parameters/1624,ʔda:i.24,empty
422-122,emab1235,http://concepticon.clld.org/parameters/1743,ta.0 ʔdɔn.31,"join, unite"
422-1026,emab1235,http://concepticon.clld.org/parameters/85,δui.24,give back
422-539,emab1235,http://concepticon.clld.org/parameters/501,ʒaŋ.11,"raise, lift"
422-901,emab1235,http://concepticon.clld.org/parameters/1432,qhɛ.31,cut
422-281,emab1235,http://concepticon.clld.org/parameters/1418,ʔba:k.11,dig
422-1101,emab1235,http://concepticon.clld.org/parameters/913,qa.0 laŋ.11,crow
422-544,emab1235,http://concepticon.clld.org/parameters/913,u.11 a.24,crow
422-788,emab1235,http://concepticon.clld.org/parameters/1567,ma.0 tɔ.312,"door, gate"
422-490,emab1235,http://concepticon.clld.org/parameters/792,qa.0 ʔdɛ.31,boil (vb)
422-928,emab1235,http://concepticon.clld.org/parameters/1247,ta.0 δa.312,ear
422-766,emab1235,http://concepticon.clld.org/parameters/1151,śi.11 na.24,veil
422-242,emab1235,http://concepticon.clld.org/parameters/1169,śiŋ.54,ox
422-903,emab1235,http://concepticon.clld.org/parameters/749,qhau.24,enter
422-867,emab1235,http://concepticon.clld.org/parameters/962,ma.0 iŋ.31 ma.0 iŋ.24,woman
422-222,emab1235,http://concepticon.clld.org/parameters/2118,po.11,"mountain, hill"
422-493,emab1235,http://concepticon.clld.org/parameters/1531,qha.54 qa.0 tui.54,branch
422-6,emab1235,http://concepticon.clld.org/parameters/582,kam.11,lend
422-291,emab1235,http://concepticon.clld.org/parameters/1655,δi.11 δap.11 ma.0 ta.312,blink
422-202,emab1235,http://concepticon.clld.org/parameters/1655,ma.0 ta.0 ʒap.55,blink
422-273,emab1235,http://concepticon.clld.org/parameters/1655,ma.0 ta.54 qa.0 nit.11,blink
422-1046,emab1235,http://concepticon.clld.org/parameters/671,ɔt.11 śj.11 a:i.31,sand
422-664,emab1235,http://concepticon.clld.org/parameters/640,ɔŋ.11 a:k.11,mud
422-93,emab1235,http://concepticon.clld.org/parameters/2,la.0 muk.11,dust
422-540,emab1235,http://concepticon.clld.org/parameters/17,qa.0 ʔbuŋ.31 ma.0 ta.54,eyelid
422-874,emab1235,http://concepticon.clld.org/parameters/1576,mɔ.312,pile up
422-501,emab1235,http://concepticon.clld.org/parameters/375,hɔm.24,sniff
422-868,emab1235,http://concepticon.clld.org/parameters/1794,ha:i.54 δɔŋ.312,furrow
422-495,emab1235,http://concepticon.clld.org/parameters/371,cip.54,pick up
422-60,emab1235,http://concepticon.clld.org/parameters/1173,mui.11 ma.0 ta.54,eyebrow
422-548,emab1235,http://concepticon.clld.org/parameters/1228,ɔt.11,"earth=ground, soil"
422-832,emab1235,http://concepticon.clld.org/parameters/1866,ma.0 tɛ.312 ʔbɔ.33,"stutter, stammer"
422-968,emab1235,http://concepticon.clld.org/parameters/354,śau.31,pound with fist
422-588,emab1235,http://concepticon.clld.org/parameters/789,ma.0 iŋ.31,people (populace)
422-957,emab1235,http://concepticon.clld.org/parameters/1623,ma.0 tɛ.312,"speak, talk"
422-88,emab1235,http://concepticon.clld.org/parameters/1587,ma.0 ʔdɔŋ.54,smell (vb intrans)
422-59,emab1235,http://concepticon.clld.org/parameters/7,δup.11,"collect, gather"
422-672,emab1235,http://concepticon.clld.org/parameters/1429,tɛk.11,full
422-904,emab1235,http://concepticon.clld.org/parameters/1631,ha:u.24,"swift, fast, quick"
422-162,emab1235,http://concepticon.clld.org/parameters/1447,puə.24,give
422-548,emab1235,http://concepticon.clld.org/parameters/568,ɔt.11,rise
422-968,emab1235,http://concepticon.clld.org/parameters/2133,śau.31,"strike (hit, beat)"
422-601,emab1235,http://concepticon.clld.org/parameters/1921,śu:i.24,plow
422-1013,emab1235,http://concepticon.clld.org/parameters/1450,ta.0 loŋ.11(312) luk.54,room
422-314,emab1235,http://concepticon.clld.org/parameters/1616,na:n.11,cloth
422-710,emab1235,http://concepticon.clld.org/parameters/1008,śiŋ.54 puə.11,bull
422-517,emab1235,http://concepticon.clld.org/parameters/1248,ma.0 ta.54,eye
422-848,emab1235,http://concepticon.clld.org/parameters/1100,ʔdu.31,cook
422-984,emab1235,http://concepticon.clld.org/parameters/1554,ma.o iŋ.31 lak.0 śɛ.56,man (vs. woman)
422-339,emab1235,http://concepticon.clld.org/parameters/626,puŋ.54 jun.11 ɔt.11,"earth, land"
422-1091,emab1235,http://concepticon.clld.org/parameters/1510,ma:k.0 qa:ŋ.24,chin
422-551,emab1235,http://concepticon.clld.org/parameters/1730,qa.0 pɛŋ.312,cheek
422-115,emab1235,http://concepticon.clld.org/parameters/798,quŋ.54,jaw
422-1107,emab1235,http://concepticon.clld.org/parameters/123,qa.0 ʔdaŋ.31 tɛn.54,forehead
422-384,emab1235,http://concepticon.clld.org/parameters/1560,na.24,face
422-802,emab1235,http://concepticon.clld.org/parameters/1583,ak.54 ai.54,brain
422-761,emab1235,http://concepticon.clld.org/parameters/1604,mit.54 ʒɔk.11,"side of head, temple"
422-271,emab1235,http://concepticon.clld.org/parameters/1256,qa.0 δu.11,head
422-820,emab1235,http://concepticon.clld.org/parameters/1153,qa.0 li.11,cattle (bovine)
422-952,emab1235,http://concepticon.clld.org/parameters/760,qhɔt.11,knot (noun)
422-1081,emab1235,http://concepticon.clld.org/parameters/805,qa.0 ʔda:k.11 ʔdiŋ.2,spine
422-918,emab1235,http://concepticon.clld.org/parameters/526,ha:t.11,howl
422-879,emab1235,http://concepticon.clld.org/parameters/56,tu.31 la:i.31,"misfortune, bad luck"
422-642,emab1235,http://concepticon.clld.org/parameters/1963,ma.54 śa:ŋ.11,immediately
422-778,emab1235,http://concepticon.clld.org/parameters/2023,cum.54,"multitude, crowd"
422-1010,emab1235,http://concepticon.clld.org/parameters/1218,ma:k.0 qu.54,"rope, cord"
422-549,emab1235,http://concepticon.clld.org/parameters/1218,qa.0 śa:k.11,"rope, cord"
422-439,emab1235,http://concepticon.clld.org/parameters/129,ka.11,choke
422-1076,emab1235,http://concepticon.clld.org/parameters/1291,qa.0 ʔdiŋ 24,back
422-644,emab1235,http://concepticon.clld.org/parameters/851,cha:p.11 ma.0 ŋa.11,"stable, stall"
422-1025,emab1235,http://concepticon.clld.org/parameters/1241,cit.54,some
422-372,emab1235,http://concepticon.clld.org/parameters/897,qa.0 iɔn.312,swallow
422-81,emab1235,http://concepticon.clld.org/parameters/298,ɔk.11 qa.0 δɛŋ.31,"shriek, screech"
422-558,emab1235,http://concepticon.clld.org/parameters/1521,ha:u.54 ϑi:ŋ.11,seem
422-475,emab1235,http://concepticon.clld.org/parameters/720,miŋ.31 ŋai.24,"good fortune, luck"
422-1057,emab1235,http://concepticon.clld.org/parameters/628,qa.0 ʔdɛŋ.31 qa.0 tui.54,leaf
422-437,emab1235,http://concepticon.clld.org/parameters/1376,śi.31 ni.31,now
422-106,emab1235,http://concepticon.clld.org/parameters/1881,tɔ.11,enough
422-931,emab1235,http://concepticon.clld.org/parameters/738,ʒuŋ.33 ʒu:ŋ.312,thing
422-875,emab1235,http://concepticon.clld.org/parameters/1627,thɛ.31 li:n.11,chain
422-165,emab1235,http://concepticon.clld.org/parameters/321,qa.0 ńa:n.312,chew
422-854,emab1235,http://concepticon.clld.org/parameters/1220,qa.0 śut.11,tail
422-713,emab1235,http://concepticon.clld.org/parameters/700,mi.312,carry (bear)
422-956,emab1235,http://concepticon.clld.org/parameters/239,ma.0 ŋa.11,flower
422-178,emab1235,http://concepticon.clld.org/parameters/263,ma.0 iŋ.31 qhɛ.54 śiŋ.54,herdsman
422-33,emab1235,http://concepticon.clld.org/parameters/1932,ϑi:ŋ.54,guess
422-550,emab1235,http://concepticon.clld.org/parameters/1941,ʔdu.31 piŋ.11,soldier
422-826,emab1235,http://concepticon.clld.org/parameters/1025,ceu.54,whistle
422-140,emab1235,http://concepticon.clld.org/parameters/477,tak.33 lɛn.24,late
422-22,emab1235,http://concepticon.clld.org/parameters/1242,it.54,"little (quantity), few"
422-302,emab1235,http://concepticon.clld.org/parameters/838,qa.0 lɛ.312,"remains, left overs"
422-134,emab1235,http://concepticon.clld.org/parameters/2130,ma:u.312,"hat, cap"
422-798,emab1235,http://concepticon.clld.org/parameters/1594,mian.312,"meal, flour"
422-34,emab1235,http://concepticon.clld.org/parameters/430,śwɛn.24,twist
422-226,emab1235,http://concepticon.clld.org/parameters/430,qhat.11,twist
422-770,emab1235,http://concepticon.clld.org/parameters/308,ma.0 nuk.11 ɛn.31,3-598
422-568,emab1235,http://concepticon.clld.org/parameters/2002,ɔŋ.24 mɔŋ.312,ditch
422-199,emab1235,http://concepticon.clld.org/parameters/281,ma.0 śu.54,"post, pole"
422-4,emab1235,http://concepticon.clld.org/parameters/1227,pɛn.54,board
422-305,emab1235,http://concepticon.clld.org/parameters/334,la:ŋ.24 up.54 qha:ŋ.54,cookhouse
422-386,emab1235,http://concepticon.clld.org/parameters/1393,ma.0 qu.54,horn
422-963,emab1235,http://concepticon.clld.org/parameters/801,qa.0 ʔda:k.11 pja:ŋ.312,rib
422-756,emab1235,http://concepticon.clld.org/parameters/352,qha.11,untie
422-960,emab1235,http://concepticon.clld.org/parameters/257,pa:i.24,worship
422-343,emab1235,http://concepticon.clld.org/parameters/1818,pha:n.11,judge (vb)
422-412,emab1235,http://concepticon.clld.org/parameters/930,hɛ.0 lu:ŋ.11,village
422-39,emab1235,http://concepticon.clld.org/parameters/225,qa.0 ʔdu.31,pestle
422-286,emab1235,http://concepticon.clld.org/parameters/1536,tin.11,understand
422-673,emab1235,http://concepticon.clld.org/parameters/128,ʔbut.33 ʔdat.33,mumble
422-1006,emab1235,http://concepticon.clld.org/parameters/672,δɛ.24,early
422-105,emab1235,http://concepticon.clld.org/parameters/987,an.31,"remain, stay"
422-1094,emab1235,http://concepticon.clld.org/parameters/694,ʔdai.24,"get, obtain"
422-265,emab1235,http://concepticon.clld.org/parameters/808,tuk.54,drop (vb)
422-682,emab1235,http://concepticon.clld.org/parameters/1917,pat.54,"tie, bind"
422-311,emab1235,http://concepticon.clld.org/parameters/1690,qhɔm.11 śɔn.24,fence
422-132,emab1235,http://concepticon.clld.org/parameters/1690,pu:ŋ.11 vɛŋ.312,fence
422-183,emab1235,http://concepticon.clld.org/parameters/1421,qa.0 ʒɔt.11,suck
422-347,emab1235,http://concepticon.clld.org/parameters/1394,qa.0 ʔda:k.11,bone
422-706,emab1235,http://concepticon.clld.org/parameters/525,mak.11,"vein, artery"
422-554,emab1235,http://concepticon.clld.org/parameters/1561,kin.33 təi.11,army
422-392,emab1235,http://concepticon.clld.org/parameters/1391,qa.0 pu:ŋ.24 lu:ŋ.24,"city, town"
422-771,emab1235,http://concepticon.clld.org/parameters/55,śɛn.54 śɛn.54 i.11,whisper
422-845,emab1235,http://concepticon.clld.org/parameters/1890,śin.54,believe
422-684,emab1235,http://concepticon.clld.org/parameters/1572,qa.0 ʒɔn.11,"surprised, astonished"
422-937,emab1235,http://concepticon.clld.org/parameters/772,qa.0 śa:k.31 kat.11 na:i.11,"belt, girdle"
422-440,emab1235,http://concepticon.clld.org/parameters/1229,cɛ.54,old
422-1072,emab1235,http://concepticon.clld.org/parameters/1198,ʔbuə.31,"much, many"
422-459,emab1235,http://concepticon.clld.org/parameters/1442,qa.0 in.11,stand
422-198,emab1235,http://concepticon.clld.org/parameters/1448,kam.54,hold
422-705,emab1235,http://concepticon.clld.org/parameters/827,ta.0 pan.312,roll
422-737,emab1235,http://concepticon.clld.org/parameters/1470,tap.11,fold
422-245,emab1235,http://concepticon.clld.org/parameters/1541,śu:i.54,"cultivate, till"
422-848,emab1235,http://concepticon.clld.org/parameters/1541,ʔdu.31,"cultivate, till"
422-736,emab1235,http://concepticon.clld.org/parameters/736,puŋ.33 cɔn.24,"yard, court"
422-215,emab1235,http://concepticon.clld.org/parameters/736,puŋ.33 lu:ŋ.54,"yard, court"
422-756,emab1235,http://concepticon.clld.org/parameters/848,qha.11,thirst
422-872,emab1235,http://concepticon.clld.org/parameters/946,qha.24,blood
422-820,emab1235,http://concepticon.clld.org/parameters/631,qa.0 li.11,livestock
422-924,emab1235,http://concepticon.clld.org/parameters/576,la.0 muk.11 qa.0 δu.11,dandruff
422-768,emab1235,http://concepticon.clld.org/parameters/644,ma.0 lɛŋ.312,oak
422-1093,emab1235,http://concepticon.clld.org/parameters/1033,qu.11,"crush, grind"
422-592,emab1235,http://concepticon.clld.org/parameters/36,mui.11,pubic hair
422-592,emab1235,http://concepticon.clld.org/parameters/189,mui.11,body hair
422-882,emab1235,http://concepticon.clld.org/parameters/678,mu:m.11,beard
422-422,emab1235,http://concepticon.clld.org/parameters/853,ha:m.11,altar
422-726,emab1235,http://concepticon.clld.org/parameters/636,hɛ.0 qu.11,mill
422-950,emab1235,http://concepticon.clld.org/parameters/1207,naŋ.11 ɛu.24,young
422-126,emab1235,http://concepticon.clld.org/parameters/98,taŋ.11 lɛ.24,"every, all"
422-27,emab1235,http://concepticon.clld.org/parameters/215,iŋ.24,lie down
422-543,emab1235,http://concepticon.clld.org/parameters/2021,kap.11,"seize, grasp"
422-759,emab1235,http://concepticon.clld.org/parameters/1113,nɛp.11,"wind, wrap"
422-301,emab1235,http://concepticon.clld.org/parameters/2004,tak.0 gun.24,bend
422-299,emab1235,http://concepticon.clld.org/parameters/1533,muk.54 qhɔt.11,hunger
422-461,emab1235,http://concepticon.clld.org/parameters/1040,ma.0 śam.54,hair (head)
422-185,emab1235,http://concepticon.clld.org/parameters/403,la:ŋ.24,garden-house
422-396,emab1235,http://concepticon.clld.org/parameters/1278,ta:u.312,vomit
422-543,emab1235,http://concepticon.clld.org/parameters/1267,kap.11,narrow
422-1099,emab1235,http://concepticon.clld.org/parameters/715,ŋɔn.11,"shout, cry out"
422-749,emab1235,http://concepticon.clld.org/parameters/1231,ma:n.312,new
422-74,emab1235,http://concepticon.clld.org/parameters/1415,nɨ.312,think (= reflect)
422-351,emab1235,http://concepticon.clld.org/parameters/1416,qa.0 tu.24,sit
422-270,emab1235,http://concepticon.clld.org/parameters/1445,lam.11 lak.11,turn around
422-713,emab1235,http://concepticon.clld.org/parameters/1749,mi.312,take
422-450,emab1235,http://concepticon.clld.org/parameters/1678,luk.54 ɛŋ.24,hut
422-914,emab1235,http://concepticon.clld.org/parameters/586,śɔn.24,garden
422-438,emab1235,http://concepticon.clld.org/parameters/881,śaŋ.11 ńip.33,tailor
422-183,emab1235,http://concepticon.clld.org/parameters/1401,qa.0 ʒɔt.11,drink
422-482,emab1235,http://concepticon.clld.org/parameters/2259,uə.24,flesh
422-407,emab1235,http://concepticon.clld.org/parameters/2262,miə.11,female (adj)
422-449,emab1235,http://concepticon.clld.org/parameters/2262,paŋ.24,female (adj)
422-575,emab1235,http://concepticon.clld.org/parameters/1728,δuŋ.11,rotten
422-1008,emab1235,http://concepticon.clld.org/parameters/1958,tuə.11 ia:m.11,"green, unripe"
422-506,emab1235,http://concepticon.clld.org/parameters/178,tuə.11,ripe
422-80,emab1235,http://concepticon.clld.org/parameters/1959,qa.0 ʔdip.54,raw
422-781,emab1235,http://concepticon.clld.org/parameters/283,lu.11,8-121
422-1028,emab1235,http://concepticon.clld.org/parameters/269,mu.11,cooked
422-714,emab1235,http://concepticon.clld.org/parameters/89,ku:k.31,one's native country
422-460,emab1235,http://concepticon.clld.org/parameters/1261,cha:ŋ.11,sing
422-848,emab1235,http://concepticon.clld.org/parameters/1261,ʔdu.31,sing
422-715,emab1235,http://concepticon.clld.org/parameters/998,na:ŋ.11,put
422-674,emab1235,http://concepticon.clld.org/parameters/1789,pi:ŋ:312 ʔda:n.312,age
422-619,emab1235,http://concepticon.clld.org/parameters/1588,qa.0 lam.11,turn over
422-278,emab1235,http://concepticon.clld.org/parameters/984,ʔdu.31 koŋ.24,work
422-319,emab1235,http://concepticon.clld.org/parameters/212,na.312,field (for cultivation)
422-637,emab1235,http://concepticon.clld.org/parameters/1252,luk.54,house
422-1041,emab1235,http://concepticon.clld.org/parameters/1895,ʔdɔŋ.31 ʒiə.11,"clothing, clothes"
422-910,emab1235,http://concepticon.clld.org/parameters/2261,puə.11,male (adj)
422-795,emab1235,http://concepticon.clld.org/parameters/763,qa.0 ʔbuŋ.54,"skin, hide"
422-997,emab1235,http://concepticon.clld.org/parameters/256,ʒu:ŋ.31 ka:n.54,food
422-580,emab1235,http://concepticon.clld.org/parameters/1360,qa:p.11,duck
422-843,emab1235,http://concepticon.clld.org/parameters/1062,fa.31,law
422-1061,emab1235,http://concepticon.clld.org/parameters/1423,śau.31 la:n.312,fight (vb)
422-714,emab1235,http://concepticon.clld.org/parameters/1300,ku:k.31,country
422-142,emab1235,http://concepticon.clld.org/parameters/1363,hiŋ.24,voice
422-925,emab1235,http://concepticon.clld.org/parameters/53,la.0 ŋɔn.312,"soul, spirit"
422-1075,emab1235,http://concepticon.clld.org/parameters/723,naŋ.11 ta,place
422-113,emab1235,http://concepticon.clld.org/parameters/773,pan.11,have
422-734,emab1235,http://concepticon.clld.org/parameters/765,ca:k.11,move
422-848,emab1235,http://concepticon.clld.org/parameters/813,ʔdu.31,"do, make"
422-943,emab1235,http://concepticon.clld.org/parameters/979,ma.0 iŋ.31 koŋ.24,farmer
422-274,emab1235,http://concepticon.clld.org/parameters/158,lɛ.11,put on (clothes)
422-105,emab1235,http://concepticon.clld.org/parameters/1099,an.31,"dwell, live"
422-819,emab1235,http://concepticon.clld.org/parameters/1336,ka:n.54,eat
422-272,emab1235,http://concepticon.clld.org/parameters/1480,hɛ.0 va:i.312,body
422-820,emab1235,http://concepticon.clld.org/parameters/619,qa.0 li.11,animal
422-334,emab1235,http://concepticon.clld.org/parameters/1843,śi:n.24,thousand
422-64,emab1235,http://concepticon.clld.org/parameters/1420,a:n.31,count
422-725,emab1235,http://concepticon.clld.org/parameters/1634,pa:k.11,hundred
422-458,emab1235,http://concepticon.clld.org/parameters/1710,śa.54 put.54,twenty
422-42,emab1235,http://concepticon.clld.org/parameters/965,puŋ.54 juŋ.11 ʔbun.54,world
422-588,emab1235,http://concepticon.clld.org/parameters/683,ma.0 iŋ.31,"person, human being"
422-589,emab1235,http://concepticon.clld.org/parameters/1515,put.54,ten
422-192,emab1235,http://concepticon.clld.org/parameters/1706,put.54 am.54,eleven
422-634,emab1235,http://concepticon.clld.org/parameters/1707,put.54 śa.54,twelve
422-446,emab1235,http://concepticon.clld.org/parameters/1709,put.54 ma.312,fifteen
422-335,emab1235,http://concepticon.clld.org/parameters/1483,va.11,nine
422-827,emab1235,http://concepticon.clld.org/parameters/1705,ma.0 δu.312,eight
422-964,emab1235,http://concepticon.clld.org/parameters/1591,puŋ.54 lu.54,"up, above"
422-308,emab1235,http://concepticon.clld.org/parameters/1704,tu.312,seven
422-690,emab1235,http://concepticon.clld.org/parameters/1485,puŋ.54 ʒun.11,under
422-987,emab1235,http://concepticon.clld.org/parameters/1703,nam.54,six
422-895,emab1235,http://concepticon.clld.org/parameters/762,puŋ.33 δiə.24,outside
422-416,emab1235,http://concepticon.clld.org/parameters/493,ma.312,five
422-996,emab1235,http://concepticon.clld.org/parameters/1606,puŋ.33 pɔŋ.24,"inside, in"
422-790,emab1235,http://concepticon.clld.org/parameters/1500,pa.54,four
422-692,emab1235,http://concepticon.clld.org/parameters/492,tu.54,three
422-269,emab1235,http://concepticon.clld.org/parameters/1882,ta.0 (k)qon.54,before
422-614,emab1235,http://concepticon.clld.org/parameters/1498,śa.54,two
422-690,emab1235,http://concepticon.clld.org/parameters/1326,puŋ.54 ʒun.11,"down, below"
422-702,emab1235,http://concepticon.clld.org/parameters/723,tuk.54 lən.312,behind
422-878,emab1235,http://concepticon.clld.org/parameters/1816,pa:t.11 qhɛn.11,beside
422-393,emab1235,http://concepticon.clld.org/parameters/1515,am.24,one
422-666,emab1235,http://concepticon.clld.org/parameters/1685,van.54 śa.24,after
422-230,emab1235,http://concepticon.clld.org/parameters/1294,l:ŋ.31,"zero, nothing"
422-385,emab1235,http://concepticon.clld.org/parameters/1172,śə.11,shoot
422-621,emab1235,http://concepticon.clld.org/parameters/2257,śu.24,mother-in-law (of a woman)
422-378,emab1235,http://concepticon.clld.org/parameters/2257,ŋɔk.11 iŋ.24,mother-in-law (of a woman)
422-743,emab1235,http://concepticon.clld.org/parameters/1750,lɛ.312,choose
422-158,emab1235,http://concepticon.clld.org/parameters/1388,qa.0 laŋ.24,"shade, shadow"
422-612,emab1235,http://concepticon.clld.org/parameters/1388,la.0 va:i.312,"shade, shadow"
422-573,emab1235,http://concepticon.clld.org/parameters/2267,la:k.0 qhɨ:i.11,son-in-law (of a man)
422-143,emab1235,http://concepticon.clld.org/parameters/2139,qa.0 śi.54,"mouse, rat"
422-285,emab1235,http://concepticon.clld.org/parameters/1602,ta.0 laŋ.11,wake up
422-940,emab1235,http://concepticon.clld.org/parameters/1127,ci.31 va.11,send
422-432,emab1235,http://concepticon.clld.org/parameters/369,ʒaŋ.31 la.0 pu.11,owe
422-686,emab1235,http://concepticon.clld.org/parameters/1244,ta.0 na.312,thick (in dimension)
422-73,emab1235,http://concepticon.clld.org/parameters/1697,śən.33 ci.31 ʒi.31,Monday
422-837,emab1235,http://concepticon.clld.org/parameters/706,cɛt.11,dark (in color)
422-74,emab1235,http://concepticon.clld.org/parameters/1092,nɨ.312,hope
422-333,emab1235,http://concepticon.clld.org/parameters/531,ʔbuə.31 it.54,how much?
422-295,emab1235,http://concepticon.clld.org/parameters/161,qa.0 lɛŋ.54,miss (target)
422-573,emab1235,http://concepticon.clld.org/parameters/2266,la:k.0 qhɨ:i.11,son-in-law (of a woman)
422-300,emab1235,http://concepticon.clld.org/parameters/1977,ɔŋ.24 ma:i.312,dew
422-346,emab1235,http://concepticon.clld.org/parameters/2265,la:k.0 liu.312,daughter-in-law (of a man)
422-693,emab1235,http://concepticon.clld.org/parameters/1159,qa.0 tut.54,break wind
422-668,emab1235,http://concepticon.clld.org/parameters/1547,ɔŋ.24 qhɛŋ.11,"soup, broth"
422-851,emab1235,http://concepticon.clld.org/parameters/1740,qa.0 tui.54 śɔŋ.11,pine
422-71,emab1235,http://concepticon.clld.org/parameters/1369,cim.24,gold
422-451,emab1235,http://concepticon.clld.org/parameters/43,ta:i.54 khun.54,lead (vb)
422-1023,emab1235,http://concepticon.clld.org/parameters/1695,śən.33 ci.31 ə.24,Tuesday
422-685,emab1235,http://concepticon.clld.org/parameters/1335,ɔk.11,white
422-30,emab1235,http://concepticon.clld.org/parameters/1236,la.0 pjɔ.11,what?
422-346,emab1235,http://concepticon.clld.org/parameters/2264,la:k.0 liu.312,daughter-in-law (of a woman)
422-28,emab1235,http://concepticon.clld.org/parameters/227,uə.24 ma.0 la.312,fish
422-779,emab1235,http://concepticon.clld.org/parameters/592,qa.0 tin.11,urinate
422-616,emab1235,http://concepticon.clld.org/parameters/924,up.54,vegetables
422-932,emab1235,http://concepticon.clld.org/parameters/1915,toŋ.11 qa.0 tui.54,fir
422-491,emab1235,http://concepticon.clld.org/parameters/759,ŋan.312,silver
422-263,emab1235,http://concepticon.clld.org/parameters/741,ha:i.54 chə.11,drive
422-894,emab1235,http://concepticon.clld.org/parameters/718,mi.312 puə.24,pay (vb)
422-409,emab1235,http://concepticon.clld.org/parameters/1400,ta.0 vɛ.11,thin (in dimension)
422-228,emab1235,http://concepticon.clld.org/parameters/1694,śən.33 ci.31 śa:n.33,Wednesday
422-926,emab1235,http://concepticon.clld.org/parameters/163,ʔdam.54,black
422-352,emab1235,http://concepticon.clld.org/parameters/1238,śu.11 nɔ.11(24),when?
422-435,emab1235,http://concepticon.clld.org/parameters/1831,han.33 la:n.312,meet
422-1004,emab1235,http://concepticon.clld.org/parameters/213,ta.0 δɛŋ.312 uə.24 ma.0 la.312,fin (dorsal)
422-1054,emab1235,http://concepticon.clld.org/parameters/266,cap.54,fishscale
422-70,emab1235,http://concepticon.clld.org/parameters/1916,ŋɨk.11 uə.24 ma.0 la.312,gill
422-1069,emab1235,http://concepticon.clld.org/parameters/598,kjap.54 thai.24,shell
422-751,emab1235,http://concepticon.clld.org/parameters/676,ɛk.11,defecate
422-45,emab1235,http://concepticon.clld.org/parameters/832,qa.0 lɔŋ.11,bean
422-939,emab1235,http://concepticon.clld.org/parameters/968,ma:k.0 ma.0 lɛŋ.312,acorn
422-552,emab1235,http://concepticon.clld.org/parameters/1825,lu:ŋ.11,"copper, bronze"
422-297,emab1235,http://concepticon.clld.org/parameters/367,khui.54,ride
422-916,emab1235,http://concepticon.clld.org/parameters/1081,śwa:n.54,"account, reckoning"
422-794,emab1235,http://concepticon.clld.org/parameters/1693,śən.33 ci.31 śI.24,Thursday
422-136,emab1235,http://concepticon.clld.org/parameters/156,la:n.11,red
422-782,emab1235,http://concepticon.clld.org/parameters/1657,cin.33,true
422-562,emab1235,http://concepticon.clld.org/parameters/1237,lɔ.11(24) hɛ.31,where?
422-780,emab1235,http://concepticon.clld.org/parameters/1013,uə.54 ma.0 la.312 ŋa.312,freshwater eel
422-137,emab1235,http://concepticon.clld.org/parameters/1785,qhɔt.11 la:n.312,have sexual intercourse
422-1010,emab1235,http://concepticon.clld.org/parameters/343,ma:k.0 qu.54,vine
422-959,emab1235,http://concepticon.clld.org/parameters/621,qit.54,iron
422-420,emab1235,http://concepticon.clld.org/parameters/1452,kai.11,"push, shove"
422-508,emab1235,http://concepticon.clld.org/parameters/1593,qa.0 lak.54,deep
422-1077,emab1235,http://concepticon.clld.org/parameters/1692,śən.33 ci.31 u.54,Friday
422-810,emab1235,http://concepticon.clld.org/parameters/837,cep.11,blue
422-633,emab1235,http://concepticon.clld.org/parameters/601,i.0 la.54,"lie, tell lies"
422-277,emab1235,http://concepticon.clld.org/parameters/727,ma.0 nɔ.11(24),which?
422-838,emab1235,http://concepticon.clld.org/parameters/52,qa.0 śa:n.54 δan.11 δan.11,shiver
422-226,emab1235,http://concepticon.clld.org/parameters/974,qhat.11,tobacco
422-890,emab1235,http://concepticon.clld.org/parameters/193,qa.0 ti:n.11,shallow
422-1073,emab1235,http://concepticon.clld.org/parameters/1700,śən.33 ci.31 lu.31,Saturday
422-38,emab1235,http://concepticon.clld.org/parameters/1425,lok.11,green
422-633,emab1235,http://concepticon.clld.org/parameters/13,i.0 la.54,deceit
422-277,emab1235,http://concepticon.clld.org/parameters/1235,ma.0 nɔ.11(24),who?
422-970,emab1235,http://concepticon.clld.org/parameters/138,δa:u.24 va:i.312,bathe
422-183,emab1235,http://concepticon.clld.org/parameters/1689,qa.0 ʒɔt.11,smoke (tobacco)
422-226,emab1235,http://concepticon.clld.org/parameters/1689,qhat.11,smoke (tobacco)
422-306,emab1235,http://concepticon.clld.org/parameters/873,śui.11,"tax, tribute"
422-870,emab1235,http://concepticon.clld.org/parameters/1424,ŋa:n.11,yellow
422-865,emab1235,http://concepticon.clld.org/parameters/1528,ʒu:n.31 liɛŋ.11,forgive
422-1039,emab1235,http://concepticon.clld.org/parameters/1270,qa.0 ʒu:ŋ.31 pjɔ.11,why?
422-520,emab1235,http://concepticon.clld.org/parameters/1124,toŋ.24 qhat.11,pipe
422-947,emab1235,http://concepticon.clld.org/parameters/593,man.312,potato
422-584,emab1235,http://concepticon.clld.org/parameters/27,pan.11 ja:i.24,air
422-563,emab1235,http://concepticon.clld.org/parameters/237,pa.11 lɔn.312,stepfather
422-1086,emab1235,http://concepticon.clld.org/parameters/522,qoi.24 po.11,wolf
422-611,emab1235,http://concepticon.clld.org/parameters/1152,u:m.31,beget (of father)
422-359,emab1235,http://concepticon.clld.org/parameters/1507,ma:k.11,fruit
422-382,emab1235,http://concepticon.clld.org/parameters/667,khun.54,road
422-723,emab1235,http://concepticon.clld.org/parameters/1633,phi:ŋ.24,flat
422-524,emab1235,http://concepticon.clld.org/parameters/1370,ʔda:n.31,month
422-327,emab1235,http://concepticon.clld.org/parameters/1892,phuŋ.31,touch
422-989,emab1235,http://concepticon.clld.org/parameters/1035,ŋai.24,good
422-941,emab1235,http://concepticon.clld.org/parameters/777,ma.0 luə.11,flute
422-405,emab1235,http://concepticon.clld.org/parameters/1966,a.0 δum.54,bunch
422-203,emab1235,http://concepticon.clld.org/parameters/378,kɛt.11,pinch
422-681,emab1235,http://concepticon.clld.org/parameters/960,la.0 van.312,wind
422-234,emab1235,http://concepticon.clld.org/parameters/236,miə.11 lən.312,stepmother
422-328,emab1235,http://concepticon.clld.org/parameters/1386,li.0 kɨ:ŋ.24,lion
422-456,emab1235,http://concepticon.clld.org/parameters/1090,thɛŋ.24,born (to be)
422-383,emab1235,http://concepticon.clld.org/parameters/241,qa.0 ʔdu.11 qa.0 tui.54,tree stump
422-797,emab1235,http://concepticon.clld.org/parameters/2252,khun.54 ɛŋ.24,path
422-240,emab1235,http://concepticon.clld.org/parameters/1079,lum.11 lwa.11,feel
422-370,emab1235,http://concepticon.clld.org/parameters/1292,va:i 312,bad
422-330,emab1235,http://concepticon.clld.org/parameters/908,qa.0 lɔŋ.312,drum
422-389,emab1235,http://concepticon.clld.org/parameters/1489,la.0 muk.11 ʔbun.54,cloud
422-37,emab1235,http://concepticon.clld.org/parameters/1059,la:k.0 u:m.31,stepson
422-11,emab1235,http://concepticon.clld.org/parameters/1820,ta.0 mɛ.312,bear
422-248,emab1235,http://concepticon.clld.org/parameters/1123,ʔdɛŋ.24 la:k.11,pregnant
422-428,emab1235,http://concepticon.clld.org/parameters/1374,chut.54 ŋɛk.11,ring (for finger)
422-383,emab1235,http://concepticon.clld.org/parameters/344,qa.0 ʔdu.11 qa.0 tui.54,tree trunk
422-548,emab1235,http://concepticon.clld.org/parameters/1399,ɔt.11,clay
422-357,emab1235,http://concepticon.clld.org/parameters/1404,ʒut.11,straight
422-239,emab1235,http://concepticon.clld.org/parameters/1226,pi:ŋ.312,year
422-953,emab1235,http://concepticon.clld.org/parameters/1725,hɔ.31,"right, correct"
422-869,emab1235,http://concepticon.clld.org/parameters/2136,qa.0 u.11,"horn, trumpet"
422-248,emab1235,http://concepticon.clld.org/parameters/1087,ʔdɛŋ.24 la:k.11,conceive
422-93,emab1235,http://concepticon.clld.org/parameters/249,la.0 muk.11,fog
422-25,emab1235,http://concepticon.clld.org/parameters/1058,la:k.0 u:m.31 ma.0 iŋ.24,stepdaughter
422-105,emab1235,http://concepticon.clld.org/parameters/1422,an.31,"live, living, life"
422-419,emab1235,http://concepticon.clld.org/parameters/1422,naŋ.11 an.31,"live, living, life"
422-395,emab1235,http://concepticon.clld.org/parameters/1754,lu:i 24,bracelet
422-276,emab1235,http://concepticon.clld.org/parameters/604,ci:ŋ.54,glass
422-209,emab1235,http://concepticon.clld.org/parameters/1011,ci:u.11,bridge
422-489,emab1235,http://concepticon.clld.org/parameters/297,ta.0 (k)kɔk.11,crooked
422-258,emab1235,http://concepticon.clld.org/parameters/1471,śu.11 qa.0 na:t.11,winter
422-415,emab1235,http://concepticon.clld.org/parameters/1884,qa.0 la.11,hard
422-204,emab1235,http://concepticon.clld.org/parameters/1390,lɔn.54,wrong
422-585,emab1235,http://concepticon.clld.org/parameters/658,ju:t.11,rain (noun)
422-19,emab1235,http://concepticon.clld.org/parameters/1149,la:k.0 ca.11,orphan
422-50,emab1235,http://concepticon.clld.org/parameters/1936,ma.0 lok.11,deer
422-166,emab1235,http://concepticon.clld.org/parameters/1494,la:m.312,"die, dead"
422-866,emab1235,http://concepticon.clld.org/parameters/1961,hɛ.0 ci.54,necklace
422-862,emab1235,http://concepticon.clld.org/parameters/1204,qa.0 ʔbuŋ.31 qa.0 tui.54,bark
422-521,emab1235,http://concepticon.clld.org/parameters/1729,śɛ.54,"weave, plait"
422-102,emab1235,http://concepticon.clld.org/parameters/122,chə.11,"carriage, wagon, cart"
422-100,emab1235,http://concepticon.clld.org/parameters/1071,qiu.24,hook
422-284,emab1235,http://concepticon.clld.org/parameters/1856,lum.312,soft
422-135,emab1235,http://concepticon.clld.org/parameters/1904,tuk.54 ta.312 la:m.312,drowned
422-811,emab1235,http://concepticon.clld.org/parameters/784,qa.0 nui.312,snow (noun)
422-365,emab1235,http://concepticon.clld.org/parameters/1756,miə.11 qa.0 lɛ.312,widow
422-307,emab1235,http://concepticon.clld.org/parameters/1350,ma.0 lu.312,monkey
422-976,emab1235,http://concepticon.clld.org/parameters/1417,pɛŋ.24,kill
422-646,emab1235,http://concepticon.clld.org/parameters/1417,ma.0 tɛ.54,kill
422-697,emab1235,http://concepticon.clld.org/parameters/920,ma:k.0 pit.11,grape
422-793,emab1235,http://concepticon.clld.org/parameters/1860,ma:k.0 ut.54 δu.24,bead
422-696,emab1235,http://concepticon.clld.org/parameters/345,qa.0 śa.54,sap
422-739,emab1235,http://concepticon.clld.org/parameters/1539,ʔbuŋ.24,basket
422-160,emab1235,http://concepticon.clld.org/parameters/710,lən.31 tha:i.33,wheel
422-922,emab1235,http://concepticon.clld.org/parameters/192,ŋɛŋ.11,corner
422-742,emab1235,http://concepticon.clld.org/parameters/1342,śu.11 an.54,summer
422-617,emab1235,http://concepticon.clld.org/parameters/1923,qa.0 ʒa.312,rough
422-204,emab1235,http://concepticon.clld.org/parameters/134,lɔn.54,fault
422-635,emab1235,http://concepticon.clld.org/parameters/617,qa.0 nui.312 cet.33,ice
422-1014,emab1235,http://concepticon.clld.org/parameters/1981,pa.11 qa.0 lɛ.312,widower
422-907,emab1235,http://concepticon.clld.org/parameters/1290,śa:ŋ.11,elephant
422-846,emab1235,http://concepticon.clld.org/parameters/191,ma:k.0 δai.11,nut
422-253,emab1235,http://concepticon.clld.org/parameters/770,va:n.11 ta.0 δa.312,earring
422-128,emab1235,http://concepticon.clld.org/parameters/195,pja.24 ʔbin.24,mat
422-1104,emab1235,http://concepticon.clld.org/parameters/195,pja.24 ʔban.31,mat
422-1042,emab1235,http://concepticon.clld.org/parameters/856,qɔ.54,hire
422-494,emab1235,http://concepticon.clld.org/parameters/1367,ka:t.11 la:n.312,cross
422-569,emab1235,http://concepticon.clld.org/parameters/1234,lɨ:n.24,smooth
422-911,emab1235,http://concepticon.clld.org/parameters/1293,lɔŋ.54,"mistake, error"
422-638,emab1235,http://concepticon.clld.org/parameters/261,qa.0 śi.11,1-771
422-318,emab1235,http://concepticon.clld.org/parameters/952,ʔbun.54,weather
422-934,emab1235,http://concepticon.clld.org/parameters/1719,puk.54,bury (the dead)
422-452,emab1235,http://concepticon.clld.org/parameters/330,ś.11 na.24,"headband, headdress"
422-905,emab1235,http://concepticon.clld.org/parameters/293,ta.0 δɛu.11,netbag
422-751,emab1235,http://concepticon.clld.org/parameters/14,ɛk.11,yoke
422-651,emab1235,http://concepticon.clld.org/parameters/1122,ma.0 śɛn.11 qoŋ.24,wages
422-852,emab1235,http://concepticon.clld.org/parameters/850,pa.54 ńɛŋ.11,square
422-249,emab1235,http://concepticon.clld.org/parameters/691,mi:u.11,season
422-421,emab1235,http://concepticon.clld.org/parameters/1396,qhɛn.54,sharp
422-917,emab1235,http://concepticon.clld.org/parameters/381,kwa:i.54,blame
422-579,emab1235,http://concepticon.clld.org/parameters/1773,pun.11 ma:ŋ.312,"grave, tomb"
422-860,emab1235,http://concepticon.clld.org/parameters/1971,vi.312,fan (noun)
422-836,emab1235,http://concepticon.clld.org/parameters/733,δa.54,earn
422-799,emab1235,http://concepticon.clld.org/parameters/379,kam.24,"blunt, dull"
422-40,emab1235,http://concepticon.clld.org/parameters/1687,qhan.31,praise
422-535,emab1235,http://concepticon.clld.org/parameters/323,ʒu.11,"grease, fat"
422-413,emab1235,http://concepticon.clld.org/parameters/360,va:t.33,fan (vb)
422-658,emab1235,http://concepticon.clld.org/parameters/221,pui.54,fire
422-184,emab1235,http://concepticon.clld.org/parameters/1644,na.24 ma.0 ta.54,"relatives, kinsmen"
422-773,emab1235,http://concepticon.clld.org/parameters/620,ma.0 lik.11,insect
422-194,emab1235,http://concepticon.clld.org/parameters/785,pan.11 qa.0 lɛŋ.312,"strong, mighty, powerful"
422-431,emab1235,http://concepticon.clld.org/parameters/1274,qa.0 ńɔ.312,salt
422-314,emab1235,http://concepticon.clld.org/parameters/332,na:n.11,"handkerchief, rag"
422-288,emab1235,http://concepticon.clld.org/parameters/1181,qa.0 tui.54 kwai.11,palm tree
422-1083,emab1235,http://concepticon.clld.org/parameters/1181,qa.0 tui.54 ʒuk.54,palm tree
422-901,emab1235,http://concepticon.clld.org/parameters/228,qhɛ.31,carve
422-709,emab1235,http://concepticon.clld.org/parameters/740,luə.11 lu:ŋ.24,ship
422-713,emab1235,http://concepticon.clld.org/parameters/1869,mi.312,buy
422-1065,emab1235,http://concepticon.clld.org/parameters/1395,man.11,round
422-699,emab1235,http://concepticon.clld.org/parameters/1210,qa.0 naŋ.11,heavy
422-989,emab1235,http://concepticon.clld.org/parameters/1427,ŋai.24,beautiful
422-1060,emab1235,http://concepticon.clld.org/parameters/310,ma.0 tan.312,louse
422-553,emab1235,http://concepticon.clld.org/parameters/310,qa.0 tu.54,louse
422-86,emab1235,http://concepticon.clld.org/parameters/267,qa.0 tam.54 ma.0 tan.312,nit (louse egg)
422-292,emab1235,http://concepticon.clld.org/parameters/232,qa.0 mat.54,flea
422-18,emab1235,http://concepticon.clld.org/parameters/1974,li.0 śip.54,centipede
422-902,emab1235,http://concepticon.clld.org/parameters/1575,qa.0 śɛp.11,cockroach
422-949,emab1235,http://concepticon.clld.org/parameters/587,mut.11,ant
422-505,emab1235,http://concepticon.clld.org/parameters/843,luŋ.11 δa:ŋ.11,spider
422-620,emab1235,http://concepticon.clld.org/parameters/1065,kha.54 luŋ.11 δa:ŋ.11,spider web
422-1105,emab1235,http://concepticon.clld.org/parameters/889,pui.54 ŋɔn.24,flame (noun)
422-886,emab1235,http://concepticon.clld.org/parameters/194,puŋ.33 luk.54,family
422-99,emab1235,http://concepticon.clld.org/parameters/665,qa.0 δɛ.54,bee
422-360,emab1235,http://concepticon.clld.org/parameters/1601,δa:i.11,weak
422-766,emab1235,http://concepticon.clld.org/parameters/1021,śi.11 na.24,towel
422-411,emab1235,http://concepticon.clld.org/parameters/1571,pa:n.24,sell
422-598,emab1235,http://concepticon.clld.org/parameters/1467,a.0 kwaŋ.11,circle
422-109,emab1235,http://concepticon.clld.org/parameters/1548,tu.11 la:i.11,ugly
422-944,emab1235,http://concepticon.clld.org/parameters/88,tɔŋ.33 qa.0 δɛ.54,beehive
422-1011,emab1235,http://concepticon.clld.org/parameters/1517,ta.0 δi.312,wasp
422-444,emab1235,http://concepticon.clld.org/parameters/1517,ta.0 qa:n.54,wasp
422-958,emab1235,http://concepticon.clld.org/parameters/1517,ma.0 tɛn.312,wasp
422-226,emab1235,http://concepticon.clld.org/parameters/778,qhat.11,smoke (noun)
422-768,emab1235,http://concepticon.clld.org/parameters/1504,ma.0 lɛŋ.312,fly
422-387,emab1235,http://concepticon.clld.org/parameters/1126,ma:k.0 lu.11,citrus fruit
422-523,emab1235,http://concepticon.clld.org/parameters/1844,luə.11 ɛŋ.24,boat
422-545,emab1235,http://concepticon.clld.org/parameters/2135,ʔdu.31 ka:i.11 ʒuŋ.31 ʒu:ŋ.24,"trade, barter"
422-179,emab1235,http://concepticon.clld.org/parameters/1845,chau.31,"sphere, ball"
422-90,emab1235,http://concepticon.clld.org/parameters/1726,δak.11,"wet, damp"
422-10,emab1235,http://concepticon.clld.org/parameters/2018,mau.312,greedy
422-220,emab1235,http://concepticon.clld.org/parameters/1970,fa.11,canoe
422-590,emab1235,http://concepticon.clld.org/parameters/1509,qa.0 ʒa:ŋ.312,mosquito
422-804,emab1235,http://concepticon.clld.org/parameters/238,li.0 mɔn.24,3-833
422-792,emab1235,http://concepticon.clld.org/parameters/646,qa.0 tu.11,ashes
422-816,emab1235,http://concepticon.clld.org/parameters/1219,ma.0 luŋ.11 ʔduŋ.24,worm
422-376,emab1235,http://concepticon.clld.org/parameters/1847,piŋ.11,"sick, sickness"
422-153,emab1235,http://concepticon.clld.org/parameters/942,thu:ŋ.11 qa.0 δɛ.312,honey
422-381,emab1235,http://concepticon.clld.org/parameters/868,qa.0 tui.54 qa.0 tuk.54,banana tree
422-1043,emab1235,http://concepticon.clld.org/parameters/1979,ma:k.0 śiu.54,chisel
422-220,emab1235,http://concepticon.clld.org/parameters/1664,fa.11,raft
422-712,emab1235,http://concepticon.clld.org/parameters/1082,ʔdu.31 ka:i.11 ma.0 iŋ.31,merchant
422-973,emab1235,http://concepticon.clld.org/parameters/1048,qa.0 śiə.54,line
422-767,emab1235,http://concepticon.clld.org/parameters/1398,δɔ.11,dry
422-796,emab1235,http://concepticon.clld.org/parameters/1398,qa.0 δɛŋ.11,dry
422-724,emab1235,http://concepticon.clld.org/parameters/1310,chuŋ.33 miŋ.31,clever
422-355,emab1235,http://concepticon.clld.org/parameters/67,qa.0 tu.11 tɔn.54,embers
422-268,emab1235,http://concepticon.clld.org/parameters/1534,va:i.312 pha:t.11,fever
422-344,emab1235,http://concepticon.clld.org/parameters/1957,hɛ.0 qɛ.54,goiter
422-486,emab1235,http://concepticon.clld.org/parameters/102,tok.11 qa.0 na:p.11,cold (catarrh)
422-232,emab1235,http://concepticon.clld.org/parameters/1986,ɛk.11 muk.54 ʒɨa:u.312,4-844
422-373,emab1235,http://concepticon.clld.org/parameters/730,li.0 ŋa.312,snake
422-309,emab1235,http://concepticon.clld.org/parameters/1109,qa.0 δi.11,"wound, sore"
422-698,emab1235,http://concepticon.clld.org/parameters/862,thu:ŋ.11,sugar
422-480,emab1235,http://concepticon.clld.org/parameters/346,qa.0 tui.54 ti.24,banyan
422-909,emab1235,http://concepticon.clld.org/parameters/346,qa.0 tui.54 qɛŋ.54,banyan
422-1067,emab1235,http://concepticon.clld.org/parameters/108,ka:u.11 luə.11,oar
422-1015,emab1235,http://concepticon.clld.org/parameters/633,hɨ.24,market (place)
422-257,emab1235,http://concepticon.clld.org/parameters/1667,muə.312,hole
422-650,emab1235,http://concepticon.clld.org/parameters/1286,qa.0 tɔt.11,hot
422-577,emab1235,http://concepticon.clld.org/parameters/141,tut.54 po.11,burn (vb trans)
422-622,emab1235,http://concepticon.clld.org/parameters/1232,qa.0 u:n.11,warm
422-481,emab1235,http://concepticon.clld.org/parameters/1428,haŋ.54,burn (vb intrans)
422-485,emab1235,http://concepticon.clld.org/parameters/1148,cam.11,bruise
422-484,emab1235,http://concepticon.clld.org/parameters/1849,fa:i.11 luə.11,row (vb)
422-172,emab1235,http://concepticon.clld.org/parameters/1903,mak.0 kat.11,swelling
422-880,emab1235,http://concepticon.clld.org/parameters/148,ma.0 kat.11,itch
422-896,emab1235,http://concepticon.clld.org/parameters/148,qa.0 ʔduk.54,itch
422-930,emab1235,http://concepticon.clld.org/parameters/1584,tuə.0 phɔp.11,blister
422-400,emab1235,http://concepticon.clld.org/parameters/793,tuə.0 ʔba:t.11,boil (noun)
422-229,emab1235,http://concepticon.clld.org/parameters/1808,ɔŋ.24 mu.11,pus
422-267,emab1235,http://concepticon.clld.org/parameters/737,tɔ.54 pui.54,"light, kindle, ignite"
422-17,emab1235,http://concepticon.clld.org/parameters/737,mɔ.31 pui.54,"light, kindle, ignite"
422-993,emab1235,http://concepticon.clld.org/parameters/499,ʒie.31 ʒa:n.31,"cure, heal"
422-246,emab1235,http://concepticon.clld.org/parameters/635,ɔŋ.24 ɛm.11,milk (noun)
422-76,emab1235,http://concepticon.clld.org/parameters/752,śa:ŋ.33 ti:n.11,"store, shop"
422-492,emab1235,http://concepticon.clld.org/parameters/1287,qa.0 ʔbɔt.11,cold
422-342,emab1235,http://concepticon.clld.org/parameters/127,ʔdap.54 pui.54,extinguish
422-731,emab1235,http://concepticon.clld.org/parameters/1133,khap.11 pui.54,match (noun)
422-745,emab1235,http://concepticon.clld.org/parameters/597,śaŋ.11 luə.312,physician
422-933,emab1235,http://concepticon.clld.org/parameters/93,can.24,milk (vb)
422-600,emab1235,http://concepticon.clld.org/parameters/657,ca.54 ma.0 śɛn.11,price
422-24,emab1235,http://concepticon.clld.org/parameters/704,gha:u.54,clean
422-849,emab1235,http://concepticon.clld.org/parameters/10,śui.54,firewood
422-107,emab1235,http://concepticon.clld.org/parameters/1372,qa.0 luə.312,"medicine, drug"
422-893,emab1235,http://concepticon.clld.org/parameters/647,śat.54,paint (noun)
422-603,emab1235,http://concepticon.clld.org/parameters/1426,qa.0 pɛŋ.11,"dear (costly, expensive)"
422-921,emab1235,http://concepticon.clld.org/parameters/1230,ɔŋ.11 am.31,"dirty, soiled"
422-415,emab1235,http://concepticon.clld.org/parameters/1188,qa.0 la.11,charcoal
422-1082,emab1235,http://concepticon.clld.org/parameters/655,qa.0 luə.312 tu.31,poison
422-455,emab1235,http://concepticon.clld.org/parameters/2001,ńum.11,paint (vb)
422-1047,emab1235,http://concepticon.clld.org/parameters/1870,taŋ.11,anchor
422-659,emab1235,http://concepticon.clld.org/parameters/1887,śi:n.31,cheap
422-985,emab1235,http://concepticon.clld.org/parameters/380,δɨt.54,wrinkled
422-112,emab1235,http://concepticon.clld.org/parameters/1209,ku.54,I
422-1063,emab1235,http://concepticon.clld.org/parameters/206,luŋ.11 lip.11,firefly
422-602,emab1235,http://concepticon.clld.org/parameters/1757,qa.0 nai.11,"tired, weary"
422-521,emab1235,http://concepticon.clld.org/parameters/1475,śɛ.54,comb
422-947,emab1235,http://concepticon.clld.org/parameters/159,man.312,sweet potato
422-733,emab1235,http://concepticon.clld.org/parameters/884,pon.24,share (distribute)
422-69,emab1235,http://concepticon.clld.org/parameters/168,an.31 hɛ.54,rest
422-416,emab1235,http://concepticon.clld.org/parameters/1215,ma.312,you (singular)
422-35,emab1235,http://concepticon.clld.org/parameters/1791,li.0 ʔbuŋ.11 ʔba.24,butterfly
422-31,emab1235,http://concepticon.clld.org/parameters/1564,qa.0 ʔda:ŋ.11,lazy
422-645,emab1235,http://concepticon.clld.org/parameters/1821,śa:t.11,brush
422-738,emab1235,http://concepticon.clld.org/parameters/925,man.312 δɛu.11,"tapioca, manioc, cassava"
422-363,emab1235,http://concepticon.clld.org/parameters/1922,hɨn.33 lu.54 ɛŋ.24,land (vb)
422-442,emab1235,http://concepticon.clld.org/parameters/1922,hɨn.33 ta:ŋ 54 pa:k.312,land (vb)
422-531,emab1235,http://concepticon.clld.org/parameters/1098,śaŋ.31,weigh
422-241,emab1235,http://concepticon.clld.org/parameters/1558,lum.11,"like, similar"
422-691,emab1235,http://concepticon.clld.org/parameters/333,qa:n.54,braid
422-461,emab1235,http://concepticon.clld.org/parameters/333,ma.0 śam.54,braid
422-9,emab1235,http://concepticon.clld.org/parameters/262,kɛ.54,he/she/it
422-597,emab1235,http://concepticon.clld.org/parameters/607,ma.0 tak.0,grasshopper
422-32,emab1235,http://concepticon.clld.org/parameters/1125,qa.0 δu.11 ʔdɔ.31,bald
422-607,emab1235,http://concepticon.clld.org/parameters/1639,i:u.11 qa.0 ʔbuŋ.31,beer
422-755,emab1235,http://concepticon.clld.org/parameters/151,tɔi.54,razor
422-129,emab1235,http://concepticon.clld.org/parameters/411,ʔbuə.24,gourd
422-1003,emab1235,http://concepticon.clld.org/parameters/1264,pjan.54,change
422-526,emab1235,http://concepticon.clld.org/parameters/864,kwa.24,"pumpkin, squash"
422-374,emab1235,http://concepticon.clld.org/parameters/1212,cum.54 ku.54,we
422-746,emab1235,http://concepticon.clld.org/parameters/1543,ʔbuŋ.11 ʔbi:n.11,snail
422-747,emab1235,http://concepticon.clld.org/parameters/320,qɛŋ.24,lame
422-809,emab1235,http://concepticon.clld.org/parameters/1927,no general name,bamboo
422-1084,emab1235,http://concepticon.clld.org/parameters/1131,cum.54 tu.54,we (inclusive)
422-414,emab1235,http://concepticon.clld.org/parameters/146,ɛt.11,sugar cane
422-374,emab1235,http://concepticon.clld.org/parameters/1130,cum.54 ku.54,we (exclusive)
422-744,emab1235,http://concepticon.clld.org/parameters/1213,cum.54 śa.54,you (plural)
422-966,emab1235,http://concepticon.clld.org/parameters/503,kɔp.54 kue.11,frog
422-507,emab1235,http://concepticon.clld.org/parameters/996,ŋan.11,deaf
422-454,emab1235,http://concepticon.clld.org/parameters/788,ʒa:ŋ.31 ci:n.11,soap
422-671,emab1235,http://concepticon.clld.org/parameters/817,cum.54 kɛ.54,they
422-152,emab1235,http://concepticon.clld.org/parameters/1666,ŋam.312,mute
422-881,emab1235,http://concepticon.clld.org/parameters/1171,hɛ.0 ci:ŋ.54,mirror
422-559,emab1235,http://concepticon.clld.org/parameters/1857,li.0 ŋɨ:k.11,"crocodile, alligator"
422-1098,emab1235,http://concepticon.clld.org/parameters/1653,ʔbon.11,blind
422-1088,emab1235,http://concepticon.clld.org/parameters/744,qa.0 tam.54,egg
422-623,emab1235,http://concepticon.clld.org/parameters/33,ma:k.0 śɔŋ.31,nettle
422-57,emab1235,http://concepticon.clld.org/parameters/1556,ńɛn.54 qa.0 tam.54,egg yolk
422-847,emab1235,http://concepticon.clld.org/parameters/112,li.0 fɨə.24,turtle
422-217,emab1235,http://concepticon.clld.org/parameters/1463,mɛ.312,intoxicated
422-471,emab1235,http://concepticon.clld.org/parameters/641,qa.54 ʔbu.24,mushroom
422-972,emab1235,http://concepticon.clld.org/parameters/590,loi.31 ma.0 cəŋ.11,"naked, bare"
